,Cities,Population,Elevation,AQI,Latitude,Longitude,PM25,PM10,O3
0,Tokyo,8336599.0,44.0,34,35.64146289999999,139.6981712,30.0,29.0,1.0
1,Jakarta,8540121.0,16.0,74,-6.182536,106.834236,74.0,78.0,1.0
2,New York ,8175133.0,10.0,114,40.7127837,-74.00594129999999,114.0,50.0,2.0
3,Seoul,10349312.0,38.0,68,37.566534999999995,126.9779692,68.0,23.0,1.0
4,Mumbai ,12691836.0,8.0,173,19.07283,72.88261,173.0,46.0,9.0
5,Sao Paulo,10021295.0,769.0,23,-23.544845659,-46.627675591999996,13.0,80.0,18.0
6,Mexico City,12294193.0,2240.0,114,19.42461,-99.11959399999999,114.0,52.0,13.0
7,Delhi,10927986.0,227.0,237,28.635759999999998,77.22445,237.0,73.0,7.0
8,Osaka,2592413.0,24.0,30,34.693737799999994,135.50216509999998,30.0,14.0,1.0
9,Kolkata ,4631392.0,11.0,192,22.56263,88.36304,192.0,69.0,9.0
10,Los Angeles ,3971883.0,89.0,64,34.06653,-118.22676000000001,57.0,60.0,4.0
11,Shanghai,22315474.0,12.0,76,31.204737199999997,121.4489017,76.0,123.0,1.0
12,Moscow,10381222.0,144.0,12,55.759354,37.595584,21.0,28.0,5.0
13,Beijing ,11716620.0,49.0,15,39.954592,116.46811699999999,13.0,57.0,1.0
14,Buenos Aires,13076300.0,31.0,42,-34.657988,-58.342538,42.0,5.0,2.0
15,Shenzhen,10358381.0,4.0,91,22.543098999999998,114.057868,91.0,28.0,9.0
16,Istanbul,14804116.0,39.0,24,41.014722,28.954721999999997,68.0,22.0,23.0
17,Paris,2138551.0,42.0,22,48.856614,2.3522218999999995,31.0,11.0,20.0
18,Karachi,11624219.0,8.0,267,24.8415,67.0091,267.0,58.0,5.0
19,Nagoya,2191279.0,23.0,26,35.1814464,136.906398,17.0,18.0,2.0
20,Chicago ,2720546.0,179.0,33,41.9136,-87.7239,33.0,10.0,8.0
21,Lagos,9000000.0,11.0,33,6.4404830932617,3.4068150520325,33.0,65.0,3.0
22,London,7556900.0,25.0,17,51.5073509,-0.12775830000000002,17.0,9.0,18.0
23,Bangkok,5104476.0,12.0,114,13.7563309,100.5017651,114.0,54.0,6.0
24,Tehran,7153309.0,1178.0,163,35.686719000000004,51.422419,163.0,62.0,1.0
25,Lima,7737002.0,152.0,130,-11.981639999999999,-76.99925,130.0,22.0,3.0
26,Dongguan,8000000.0,1.0,72,23.020536,113.75176499999999,72.0,28.0,6.0
27,Bogota,7674366.0,2582.0,13,4.5725,-74.0836,13.0,23.0,5.0
28,Chennai ,4328063.0,14.0,114,13.08784,80.27847,114.0,19.0,8.0
29,Dhaka,10356500.0,23.0,199,23.796373000000003,90.424614,199.0,52.0,9.0
30,Tianjin ,11090314.0,11.0,42,39.084158,117.20098300000001,42.0,31.0,1.0
31,Hong Kong,7012738.0,60.0,70,22.2796569,114.17198729999998,70.0,31.0,5.0
32,Taipei,7871900.0,10.0,65,25.062361,121.526528,65.0,19.0,14.0
33,Lahore,6310888.0,216.0,158,31.560078000000004,74.33589,158.0,88.0,5.0
34,Ho Chi Minh City ,3467331.0,7.0,68,10.782978,106.70071100000001,68.0,29.0,2.0
35,Bangalore,5104047.0,920.0,59,12.938539,77.5901,59.0,21.0,5.0
36,Hyderabad,3597816.0,515.0,159,17.38405,78.45636,159.0,57.0,16.0
37,Hyderabad,3597816.0,515.0,159,17.38405,78.45636,159.0,57.0,16.0
38,Hyderabad,3597816.0,515.0,159,17.38405,78.45636,159.0,57.0,16.0
39,Hyderabad,3597816.0,515.0,159,17.38405,78.45636,159.0,57.0,16.0
40,Johannesburg,2026469.0,1767.0,-,-26.178666,28.13314,91.0,9.0,5.0
41,Baghdad,7216000.0,41.0,170,33.3128,44.3615,170.0,39.0,9.0
42,Toronto,2600000.0,175.0,25,43.653226000000004,-79.3831843,25.0,8.0,9.0
43,Santiago,4837295.0,556.0,53,-33.464141999999995,-70.660797,38.0,46.0,11.0
44,San Francisco ,864816.0,16.0,55,37.76595,-122.39902,55.0,63.0,2.0
45,Philadelphia ,1567442.0,12.0,23,39.934635,-75.126126,23.0,22.0,5.0
46,Miami ,441003.0,2.0,26,25.794722222222,-80.21555555555601,26.0,25.0,8.0
47,Madrid,3255944.0,665.0,34,40.4167754,-3.7037902000000003,34.0,22.0,11.0
48,Ahmedabad,3719710.0,56.0,152,22.9987886,72.6029661,152.0,52.0,11.0
49,Boston ,667137.0,14.0,24,42.358430799999994,-71.05977320000001,17.0,5.0,11.0
50,Khartoum,1974647.0,381.0,166,15.5007,32.5599,166.0,142.0,15.0
51,Shenyang,6255921.0,53.0,55,41.805698,123.431475,55.0,46.0,2.0
52,Pune,2935744.0,554.0,232,18.529603,73.849586,232.0,46.0,15.0
53,Riyadh,4205961.0,612.0,72,24.7136,46.6753,72.0,74.0,8.0
54,Singapore,3547809.0,23.0,17,1.296183,103.846181,17.0,28.0,4.0
55,Washington ,75455.0,223.0,51,38.8577,-77.05922,51.0,11.0,5.0
56,Yangon ,4477638.0,30.0,95,16.8256,96.1445,95.0,34.0,7.0
57,Milan ,1236837.0,122.0,34,45.470501,9.19746075,34.0,9.0,15.0
58,Atlanta ,463878.0,320.0,24,33.720192,-84.357056,24.0,10.0,11.0
59,Chongqing,7457600.0,225.0,112,29.56301,106.551557,112.0,19.0,1.0
60,Alexandria,3811516.0,9.0,51,38.8577,-77.05922,51.0,11.0,5.0
61,Nanjing ,7165292.0,22.0,44,32.060255,118.796877,38.0,58.0,1.0
62,Barcelona,1621537.0,15.0,29,41.38534,2.153822,25.0,32.0,5.0
63,Chengdu,7415590.0,499.0,114,30.625014500000002,104.0670559,114.0,28.0,4.0
64,Detroit ,677116.0,183.0,46,42.314936700000004,-83.03636329999999,46.0,9.0,7.0
65,Ankara,3517182.0,850.0,81,39.91832282586664,32.82290472883654,81.0,17.0,22.0
66,Abidjan,3677115.0,76.0,154,5.36,-4.0083,154.0,44.0,4.0
67,Athens,664046.0,70.0,55,37.988028,23.727628,55.0,34.0,25.0
68,Sydney,4627345.0,1.0,7,-33.872468,151.21333700000002,5.0,11.0,6.0
69,Monterrey,28338.0,8.0,78,25.73,-100.30972222222,78.0,45.0,5.0
70,Phoenix ,1563025.0,331.0,26,33.403055555556,-112.07527777778,20.0,29.0,3.0
71,Busan ,3678555.0,26.0,25,35.17955429999999,129.07564159999998,25.0,13.0,5.0
72,Melbourne,4246375.0,58.0,31,-37.807395899999996,144.97,31.0,25.0,10.0
73,Hangzhou ,6241971.0,12.0,139,30.274084999999996,120.15507,139.0,75.0,1.0
74,Algiers,1977663.0,113.0,30,36.7558,3.039114,30.0,10.0,17.0
75,Xi'An ,6501190.0,416.0,149,34.341568,108.940175,149.0,19.0,7.0
76,Qingdao ,3718835.0,16.0,28,36.067082,120.38264,21.0,13.0,13.0
77,Durban,3120282.0,21.0,37,-29.858283,31.027286,37.0,32.0,7.0
78,Kanpur,2823249.0,137.0,183,26.470308799999998,80.32517490000001,183.0,69.0,9.0
79,Addis Ababa,2757729.0,2405.0,53,9.058498,38.761641999999995,53.0,68.0,10.0
80,Jeddah ,2867446.0,21.0,147,21.543485999999998,39.172990000000006,147.0,82.0,13.0
81,Naples ,959470.0,17.0,114,40.853609999999996,14.27167,114.0,13.0,13.0
82,Kabul,3043532.0,1798.0,193,34.554382000000004,69.2046,193.0,27.0,27.0
83,Salvador,525990.0,653.0,38,13.70630556,-89.20011667,38.0,9.0,9.0
84,Harbin ,5878939.0,140.0,87,45.7258,126.646,87.0,28.0,4.0
85,Cape Town,3433441.0,25.0,28,-33.913833000000004,18.425167000000002,28.0,13.0,6.0
86,San Diego ,1394928.0,20.0,17,32.710177000858394,-117.142665,68.0,40.0,6.0
87,Seattle ,684451.0,56.0,30,47.597221999999995,-122.319722,30.0,2.0,12.0
88,Rome,2318895.0,20.0,30,41.8932669,12.4753855,30.0,16.0,11.0
89,Taichung,1040725.0,91.0,63,24.099611,120.67768899999999,63.0,20.0,2.0
90,Jaipur,2711758.0,435.0,142,26.940516600000002,75.8007016,142.0,55.0,12.0
91,Kaohsiung,1519711.0,9.0,97,22.608711,120.312017,97.0,40.0,11.0
92,Minneapolis ,410939.0,253.0,9,44.9536,-93.2581,9.0,12.0,9.0
93,Lucknow,2472011.0,126.0,197,26.84578611,80.93874444,197.0,73.0,12.0
94,Tel Aviv-Yafo,432892.0,15.0,66,32.066158,34.777819,66.0,39.0,25.0
95,Kyiv ,2797553.0,187.0,19,50.443999999999996,30.54,19.0,8.0,17.0
96,Mashhad,2307177.0,1003.0,173,36.3382,59.5853,173.0,22.0,3.0
97,Izmir,2500603.0,122.0,37,38.432221999999996,27.144444,37.0,37.0,26.0
98,Rawalpindi,1743101.0,499.0,197,33.7235,73.11822,197.0,54.0,5.0
99,Tashkent,1978028.0,424.0,166,41.3672,69.2725,166.0,17.0,1.0
100,Katowice,317316.0,266.0,69,50.264611,18.975028,69.0,22.0,14.0
101,Changchun,4193073.0,206.0,109,43.816964,125.323471,109.0,26.0,4.0
102,Daegu ,2566540.0,45.0,25,35.871435399999996,128.60144499999998,25.0,21.0,1.0
103,Changsha,3093980.0,67.0,53,28.228209000000003,112.938814,53.0,46.0,8.0
104,Nagpur,2228018.0,319.0,155,21.152875,79.0517531,155.0,53.0,12.0
105,Lisbon,517802.0,45.0,7,38.748611111111,-9.1488888888889,46.0,32.0,12.0
106,Frankfurt Am Main,650000.0,113.0,11,50.126666666667006,8.748333333333301,36.0,5.0,18.0
107,Nanchang,2357839.0,20.0,73,28.683213000000002,115.858121,68.0,44.0,4.0
108,Tampa ,369075.0,1.0,19,27.928333333333,-82.454444444444,19.0,11.0,10.0
109,Dalian,4087733.0,33.0,26,38.914003,121.614682,5.0,32.0,4.0
110,Shijiazhuang,2834942.0,77.0,65,38.042307,114.51486000000001,65.0,60.0,1.0
111,Manchester,395515.0,51.0,52,53.481519999999996,-2.2378810000000002,52.0,7.0,23.0
112,Fukuoka,1392289.0,3.0,46,33.5903547,130.4017155,46.0,9.0,3.0
113,Denver ,682545.0,1609.0,25,39.751184,-104.987625,25.0,8.0,7.0
114,St. Louis ,315685.0,142.0,53,38.656449,-90.198548,53.0,10.0,7.0
115,Colombo,648034.0,1.0,38,6.913047,79.84806999999999,38.0,40.0,6.0
116,Colombo,648034.0,1.0,38,6.913047,79.84806999999999,38.0,40.0,6.0
117,Colombo,648034.0,1.0,38,6.913047,79.84806999999999,38.0,40.0,6.0
118,Colombo,648034.0,1.0,38,6.913047,79.84806999999999,38.0,40.0,6.0
119,Baltimore ,621849.0,10.0,17,39.2981,-76.604698,17.0,13.0,5.0
120,Sapporo,1883027.0,26.0,42,43.0620958,141.3543763,42.0,30.0,8.0
121,Preston,313332.0,34.0,24,53.76559,-2.6803529999999998,24.0,5.0,27.0
122,Patna,1599920.0,53.0,379,25.619651,85.147382,170.0,70.0,10.0
123,Warsaw,1702139.0,113.0,50,52.225171,21.014782999999998,50.0,50.0,5.0
124,Yokohama,3574443.0,21.0,34,35.4437078,139.6380256,13.0,28.0,2.0
125,Kunming,3855346.0,1895.0,102,24.880182,102.832861,102.0,21.0,3.0
126,Guiyang,1171633.0,1087.0,102,26.647661,106.630154,102.0,29.0,5.0
127,Zibo,3129228.0,51.0,99,36.813094,118.054868,99.0,45.0,2.0
128,Incheon,2628000.0,43.0,68,37.4562557,126.70520619999999,68.0,24.0,1.0
129,Zhengzhou,4253913.0,104.0,46,34.7466,113.625368,46.0,41.0,8.0
130,Taiyuan,3426519.0,795.0,68,37.87059,112.548879,68.0,23.0,8.0
131,Chaoyang ,410005.0,162.0,34,41.573734,120.450372,34.0,10.0,10.0
132,Brasilia,2207718.0,1136.0,30,-22.563603776999997,-47.41431403399999,30.0,60.0,14.0
133,Fuzhou ,1179720.0,14.0,68,26.074507999999998,119.296494,68.0,19.0,9.0
134,Fuzhou ,1179720.0,14.0,68,26.074507999999998,119.296494,68.0,19.0,9.0
135,Fuzhou ,1179720.0,14.0,68,26.074507999999998,119.296494,68.0,19.0,9.0
136,Fuzhou ,1179720.0,14.0,68,26.074507999999998,119.296494,68.0,19.0,9.0
137,Lanzhou,2628426.0,1521.0,107,36.061254999999996,103.834377,107.0,17.0,6.0
138,Xiamen,3531347.0,12.0,65,24.479834,118.089425,65.0,26.0,11.0
139,Zaozhuang,183665.0,79.0,58,34.810488,117.323725,55.0,46.0,1.0
140,Jilin,1881977.0,196.0,129,43.837883000000005,126.549572,129.0,30.0,5.0
141,Linyi,270669.0,69.0,104,35.104671999999994,118.356448,104.0,46.0,1.0
142,Wenzhou,865672.0,10.0,50,27.994266999999997,120.699367,50.0,19.0,4.0
143,Brisbane,2189878.0,27.0,20,-27.4774,153.028,20.0,5.0,5.0
144,Nanchong,7150000.0,287.0,134,30.837792999999998,106.110698,134.0,19.0,10.0
145,Nanning,803788.0,91.0,87,22.817239,108.366129,87.0,28.0,11.0
146,Urumqi,3029372.0,862.0,87,43.825645,87.616823,87.0,9.0,7.0
147,Yantai,719332.0,22.0,42,37.463822,121.44793500000002,42.0,28.0,4.0
148,Fuyang ,170023.0,31.0,104,30.048734999999997,119.960109,104.0,37.0,1.0
149,Fuyang ,170023.0,31.0,104,30.048734999999997,119.960109,104.0,37.0,1.0
150,Fuyang ,170023.0,31.0,104,30.048734999999997,119.960109,104.0,37.0,1.0
151,Fuyang ,170023.0,31.0,104,30.048734999999997,119.960109,104.0,37.0,1.0
152,Tangshan,3372102.0,36.0,50,39.630866999999995,118.180194,50.0,40.0,1.0
153,Hamburg,1739117.0,2.0,20,53.59235,10.053724,17.0,14.0,3.0
154,Budapest,1741041.0,75.0,24,47.508604999999996,19.027639999999998,24.0,9.0,19.0
155,Baotou,1301768.0,1020.0,68,40.657449,109.840347,68.0,2.0,13.0
156,Hefei,3310268.0,24.0,82,31.821447999999997,117.227271,82.0,46.0,2.0
157,Vienna,1691468.0,171.0,13,48.2167394444444,16.3809180555556,13.0,7.0,21.0
158,Indore,1837041.0,550.0,144,22.719444,75.870278,144.0,46.0,14.0
159,Belgrade,1273651.0,120.0,55,44.796959,20.475288,55.0,9.0,24.0
160,Suzhou ,5345961.0,10.0,31,31.298886,120.58531599999999,25.0,86.0,1.0
161,Suzhou ,5345961.0,10.0,31,31.298886,120.58531599999999,25.0,86.0,1.0
162,Suzhou ,5345961.0,10.0,31,31.298886,120.58531599999999,25.0,86.0,1.0
163,Suzhou ,5345961.0,10.0,31,31.298886,120.58531599999999,25.0,86.0,1.0
164,Suizhou,323945.0,67.0,63,31.690215999999996,113.38245800000001,63.0,35.0,7.0
165,Nanyang,251532.0,131.0,63,32.990833,112.528322,63.0,19.0,5.0
166,Ningbo,3491597.0,15.0,170,29.868336,121.54399,170.0,36.0,2.0
167,Anshan,1199275.0,55.0,65,41.108546000000004,122.994646,65.0,46.0,2.0
168,Tengzhou,105456.0,73.0,31,35.038775,117.18201499999999,25.0,28.0,8.0
169,Qiqihaer,882364.0,151.0,82,47.354348,123.918186,82.0,16.0,4.0
170,Datong,1052678.0,1054.0,76,40.076816,113.300126,76.0,18.0,8.0
171,Kobe,1528478.0,35.0,46,34.690083,135.1955112,46.0,15.0,3.0
172,Hama,460602.0,270.0,17,34.2200983,132.2201848,17.0,8.0,7.0
173,Esfahan,1547164.0,1578.0,135,32.6562118,51.670719500000004,135.0,49.0,2.0
174,Luoyang,1390581.0,149.0,80,34.618452000000005,112.45428999999999,80.0,29.0,10.0
175,Quito,1399814.0,2854.0,28,-0.22139299999999998,-78.51400500000001,5.0,16.0,4.0
176,Jinjiang,89623.0,33.0,61,24.8978,118.5972,61.0,27.0,12.0
177,Perth,1896548.0,46.0,21,56.399327,-3.434182,21.0,4.0,24.0
178,Daejeon ,1475221.0,46.0,42,36.3504119,127.38454750000001,42.0,22.0,1.0
179,Kyoto,1459640.0,50.0,22,35.01163629999999,135.7680294,17.0,12.0,3.0
180,Tangerang,1372124.0,18.0,76,-6.2367040000000005,106.79324,76.0,76.0,2.0
181,Bhopal,1599914.0,523.0,163,23.233584,77.400574,163.0,46.0,13.0
182,Coimbatore,959823.0,411.0,60,10.942451,76.978996,60.0,23.0,2.0
183,Gwangju ,1416938.0,47.0,34,35.1595454,126.85260120000001,34.0,11.0,1.0
184,Fushun,1400646.0,83.0,112,41.880872,123.95720800000001,112.0,46.0,3.0
185,Wuxi,3543719.0,10.0,65,31.490637,120.31114299999999,65.0,58.0,1.0
186,Hechuan,97575.0,222.0,139,29.999162,106.264407,139.0,19.0,9.0
187,Wujin,949018.0,9.0,50,31.810077000000003,119.97445400000001,50.0,58.0,1.0
188,Guigang,76430.0,51.0,74,23.0944,109.6014,74.0,39.0,15.0
189,Huhehaote,774477.0,1051.0,99,40.842299,111.74913799999999,99.0,1.0,12.0
190,Santa Cruz,222417.0,10.0,61,36.98401,-121.99096999999999,61.0,38.0,4.0
191,Ludhiana,1545368.0,256.0,177,30.9019147,75.80777490000001,177.0,65.0,14.0
192,Novosibirsk,1419007.0,164.0,11,55.02602099999999,82.907958,11.0,63.0,9.0
193,Neijiang,546854.0,349.0,112,29.580229,105.05843300000001,112.0,28.0,11.0
194,Weifang,394732.0,30.0,53,36.706773999999996,119.16175600000001,53.0,44.0,2.0
195,Daqing,203488.0,146.0,91,46.58931,125.103784,91.0,11.0,7.0
196,Tongzhou,95647.0,6.0,17,39.93435,116.67503,17.0,51.0,1.0
197,Tabriz,1424641.0,1396.0,130,38.079304,46.288699,130.0,17.0,8.0
198,Kochi,335570.0,58.0,25,33.548962100000004,133.59879479999998,25.0,10.0,12.0
199,Suining,124924.0,291.0,117,30.532846999999997,105.59289799999999,117.0,12.0,12.0
200,Bozhou,174140.0,40.0,50,33.8561,115.7831,50.0,46.0,3.0
201,Zhanjiang,637790.0,29.0,38,21.270702,110.35938700000001,38.0,32.0,16.0
202,Changde,517780.0,42.0,129,29.031672999999998,111.698497,129.0,26.0,11.0
203,Xintai,222459.0,197.0,70,35.897545,117.79506699999999,70.0,19.0,10.0
204,Handan,1358318.0,66.0,163,36.625603999999996,114.53908500000001,163.0,46.0,1.0
205,Kawasaki,1306785.0,1.0,53,35.5309058,139.70305109999998,53.0,30.0,2.0
206,Pingdu,91077.0,59.0,38,36.790556,119.944722,38.0,19.0,7.0
207,Agra,1430055.0,166.0,196,27.19865833,78.00598056,196.0,73.0,8.0
208,Jiangyin,107918.0,7.0,34,31.920658000000003,120.284939,34.0,58.0,1.0
209,Bursa,1412701.0,155.0,27,40.19572,29.04588,27.0,23.0,26.0
210,Dengzhou,85279.0,23.0,161,37.808611,120.7725,161.0,17.0,9.0
211,Guarulhos,1169577.0,774.0,82,-23.455534258,-46.518533403,82.0,69.0,19.0
212,Auckland,417910.0,43.0,27,-36.84742808,174.7657304,27.0,6.0,7.0
213,Shantou,5329024.0,17.0,55,23.353299,116.68183799999998,55.0,26.0,8.0
214,Thane,1261517.0,23.0,166,19.1375,72.915056,166.0,46.0,9.0
215,San Antonio ,1469845.0,198.0,15,29.423932699999998,-98.5805051,15.0,8.0,5.0
216,Xinyang,1590668.0,89.0,97,32.146984,114.09102299999999,97.0,35.0,5.0
217,Almaty,2000900.0,787.0,163,43.222,76.851,163.0,4.0,3.0
218,Changshu,1047700.0,9.0,42,31.653685999999997,120.752503,42.0,58.0,1.0
219,Laiwu,124108.0,182.0,171,36.213691,117.676731,171.0,28.0,3.0
220,Xiaoshan,95234.0,14.0,117,30.18194444,120.2697222,117.0,44.0,1.0
221,Varanasi,1164404.0,86.0,185,25.35055556,82.97833333,185.0,69.0,9.0
222,Kampala,1353189.0,1223.0,142,0.300225,32.591553000000005,142.0,100.0,4.0
223,Shiraz,1249942.0,1545.0,79,29.6092966,52.530087300000005,79.0,55.0,4.0
224,Kalyan,1262255.0,10.0,159,19.25292,73.14201899999999,159.0,46.0,11.0
225,Adana,1248988.0,41.0,91,37.0040545100691,35.344010079312504,91.0,36.0,19.0
226,Jingzhou,177878.0,39.0,59,30.335165000000003,112.239741,59.0,19.0,11.0
227,Saitama,1193350.0,16.0,42,35.8617292,139.6454822,42.0,26.0,2.0
228,Prague,1165581.0,202.0,14,50.094238,14.442048999999999,9.0,28.0,4.0
229,Meerut,1223184.0,228.0,303,29.063509999999997,77.709723,303.0,62.0,14.0
230,Yixing,95530.0,8.0,42,31.3542,119.8177,42.0,58.0,1.0
231,Mianyang,264136.0,471.0,124,31.46745,104.679114,124.0,15.0,9.0
232,Wenling,67433.0,6.0,78,28.36722222,121.38722220000001,78.0,19.0,10.0
233,Ottawa,812129.0,71.0,13,45.42152960000001,-75.69719309999999,17.0,6.0,7.0
234,Hiroshima,1143841.0,16.0,30,34.385202899999996,132.4552927,21.0,8.0,3.0
235,Chifeng,346654.0,570.0,23,42.257816999999996,118.88685600000001,9.0,8.0,7.0
236,Nashik,1289497.0,584.0,152,20.0073285,73.7762427,152.0,48.0,15.0
237,Tianshui,3500000.0,1153.0,153,34.5814,105.7281,153.0,33.0,14.0
238,Huzhou,158320.0,6.0,53,30.894347999999997,120.086823,53.0,54.0,1.0
239,Adelaide,1225235.0,56.0,24,-34.928853000000004,138.600943,1.0,8.0,7.0
240,Yuzhou,87961.0,126.0,112,29.56301,106.551557,112.0,19.0,1.0
241,Leshan,154477.0,375.0,155,29.552106,103.765568,155.0,24.0,2.0
242,Jabalpur,1030168.0,416.0,182,23.168606,79.932247,182.0,46.0,11.0
243,Jimo,70733.0,25.0,42,36.308156,120.39492,42.0,19.0,9.0
244,Dingzhou,152934.0,64.0,20,38.516168,114.990251,17.0,28.0,1.0
245,Calgary,1019942.0,1048.0,86,51.0471506,-114.07314769999999,86.0,3.0,6.0
246,Zoucheng,190537.0,76.0,42,35.411389,116.972222,42.0,28.0,7.0
247,Anqiu,105665.0,58.0,68,36.478889,119.222778,68.0,19.0,9.0
248,Chelyabinsk,1062919.0,219.0,182,55.11245,61.4248,182.0,0.0,18.0
249,Asansol,504271.0,119.0,151,23.6871984,86.94613609999999,151.0,55.0,16.0
250,Shouguang,79212.0,26.0,65,36.868333,118.73527800000001,65.0,23.0,8.0
251,Changzhou,949018.0,9.0,50,31.810077000000003,119.97445400000001,50.0,58.0,1.0
252,Ulsan,962865.0,10.0,27,35.5383773,129.3113596,25.0,19.0,2.0
253,Zhuji,110721.0,23.0,82,29.713666999999997,120.236304,82.0,28.0,1.0
254,Toluca ,489333.0,2671.0,117,19.294298341379,-99.655297086786,117.0,32.0,12.0
255,Tbilisi,1049498.0,491.0,153,41.708828999999994,44.799661,153.0,26.0,20.0
256,Faridabad,1220229.0,209.0,236,28.41012222,77.313775,236.0,87.0,7.0
257,Zigong,689961.0,306.0,178,29.339029999999998,104.778442,178.0,90.0,3.0
258,Jining ,450327.0,43.0,61,35.414921,116.587099,61.0,58.0,1.0
259,Edmonton,712391.0,668.0,0,53.5000575,-113.52604699999999,29.0,4.0,6.0
260,Dnipropetrovsk,1032822.0,100.0,23,48.458139,35.052214,23.0,14.0,15.0
261,Sendai,1063103.0,53.0,30,38.268215000000005,140.86935580000002,13.0,5.0,7.0
262,Guatemala City,994938.0,1508.0,46,14.606938699999999,-90.5169696,46.0,16.0,10.0
263,Brussels,1019022.0,28.0,34,50.8503396,4.3517103,34.0,9.0,20.0
264,Bamako,1297281.0,338.0,114,12.632524,-8.036911,114.0,77.0,5.0
265,Antananarivo,1391433.0,1274.0,55,-18.908479690552,47.537509918213,55.0,8.0,5.0
266,Mudanjiang,665915.0,242.0,89,44.551653,129.63316899999998,89.0,24.0,6.0
267,Amritsar,1092450.0,244.0,182,31.6199803,74.87648490000001,182.0,68.0,13.0
268,Haora ,1027672.0,8.0,182,22.5707053,88.3008448,182.0,66.0,10.0
269,Dublin,1024027.0,17.0,1,53.347863000000004,-6.243785,1.0,6.0,27.0
270,Kitakyushu,997536.0,57.0,-,33.8834093,130.8752161,46.0,21.0,35.0
271,Odessa,1001558.0,58.0,90,46.4846547,30.696429300000002,90.0,28.0,33.0
272,Yongchuan,94465.0,326.0,82,29.356178000000003,105.896872,82.0,19.0,9.0
273,Peshawar,1218773.0,340.0,391,34.00585,71.53775,391.0,58.0,11.0
274,Benxi,987717.0,212.0,153,41.294176,123.766485,153.0,46.0,2.0
275,Zhangqiu,114858.0,73.0,151,36.676389,117.512778,151.0,23.0,6.0
276,Yongzhou,5200000.0,113.0,109,26.420394,111.613445,109.0,46.0,7.0
277,Ghaziabad,1199191.0,214.0,256,28.685382,77.453839,256.0,73.0,9.0
278,Zhangjiagang,66039.0,13.0,42,31.8742,120.5264,42.0,58.0,2.0
279,Xianyang,1034081.0,387.0,152,34.329563,108.70900300000001,152.0,19.0,8.0
280,Liaocheng,226930.0,39.0,87,36.456703999999995,115.985371,87.0,57.0,1.0
281,Ahwaz,841145.0,23.0,183,31.318914000000003,48.670962,121.0,58.0,17.0
282,Feicheng,77606.0,115.0,59,35.2541,117.966256,59.0,19.0,9.0
283,Suwon ,1242724.0,58.0,57,37.263572700000005,127.02860090000001,57.0,24.0,1.0
284,Wuwei,493092.0,1542.0,74,37.9311,102.6219,74.0,5.0,10.0
285,Haimen,125427.0,17.0,57,23.2539,116.6092,57.0,28.0,9.0
286,Xinhui,195129.0,0.0,61,22.5328,113.024,61.0,28.0,9.0
287,Gaziantep,1065975.0,842.0,91,37.05833878898579,37.3510420617195,91.0,41.0,20.0
288,Krasnoyarsk,927200.0,140.0,4,56.025895999999996,92.860477,4.0,2.0,14.0
289,Chiba,919729.0,5.0,34,35.6072668,140.1062907,34.0,29.0,2.0
290,Yichun ,152169.0,99.0,70,27.815619,114.41677800000001,70.0,32.0,9.0
291,Yichun ,152169.0,99.0,70,27.815619,114.41677800000001,70.0,32.0,9.0
292,Yichun ,152169.0,99.0,70,27.815619,114.41677800000001,70.0,32.0,9.0
293,Yichun ,152169.0,99.0,70,27.815619,114.41677800000001,70.0,32.0,9.0
294,Seongnam,1031935.0,80.0,53,37.444916799999994,127.1388684,53.0,23.0,1.0
295,Yueyang,1200000.0,43.0,97,29.357104,113.12895800000001,97.0,43.0,7.0
296,Yiwu,89629.0,84.0,95,29.306841,120.07505800000001,95.0,28.0,1.0
297,San Jose ,335007.0,1161.0,107,37.348490000000005,-121.89493999999999,107.0,44.0,3.0
298,Jixi,403759.0,228.0,57,45.295075,130.969333,57.0,22.0,6.0
299,Guangyuan,213365.0,525.0,87,32.435435,105.84335700000001,87.0,10.0,14.0
300,Soweto,1695047.0,1632.0,56,-26.252610999999998,27.872139,56.0,9.0,5.0
301,Baoding,995652.0,17.0,72,38.873891,115.46480600000001,72.0,60.0,1.0
302,Pingdingshan,889675.0,88.0,85,33.76619,113.19281399999998,85.0,19.0,9.0
303,Torino,870456.0,239.0,59,45.104332,7.6964231,59.0,14.0,38.0
304,Laiyang,169594.0,40.0,38,36.9775,120.714722,38.0,19.0,11.0
305,Laizhou,188000.0,43.0,30,37.176667,119.940556,30.0,19.0,12.0
306,Thiruvananthapuram,784153.0,18.0,50,8.5140567,76.94774220000001,50.0,13.0,2.0
307,Weinan,172321.0,354.0,144,34.499995,109.509786,144.0,19.0,6.0
308,Xiaogan,160437.0,35.0,57,30.924568,113.916903,57.0,26.0,6.0
309,Jiaxing,4500000.0,12.0,63,30.753923999999998,120.75854299999999,63.0,61.0,2.0
310,Kozhikode,439922.0,9.0,53,11.249077,75.784371,53.0,23.0,5.0
311,Zhuzhou,709358.0,54.0,76,27.82755,113.134003,76.0,46.0,7.0
312,Hengyang,759602.0,66.0,65,26.893231,112.571997,65.0,46.0,7.0
313,Solapur,997281.0,473.0,140,17.6599188,75.9063906,140.0,52.0,14.0
314,Gwalior,882458.0,220.0,154,26.210535999999998,78.171,154.0,58.0,12.0
315,Jinzhou ,604269.0,26.0,78,41.09512,121.127004,78.0,17.0,9.0
316,Jinzhou ,604269.0,26.0,78,41.09512,121.127004,78.0,17.0,9.0
317,Jinzhou ,604269.0,26.0,78,41.09512,121.127004,78.0,17.0,9.0
318,Jinzhou ,604269.0,26.0,78,41.09512,121.127004,78.0,17.0,9.0
319,Chenghai,152453.0,13.0,68,23.4714,116.7519,68.0,26.0,10.0
320,Jiamusi,549549.0,81.0,57,46.799778,130.318879,57.0,15.0,3.0
321,Jodhpur,921476.0,237.0,163,26.268248999999997,73.0193853,163.0,46.0,12.0
322,Yuyao,114177.0,59.0,74,30.053171000000003,121.158024,74.0,29.0,2.0
323,Saratov,863725.0,72.0,42,51.52003,46.02362,42.0,9.0,18.0
324,Ankang,132654.0,273.0,80,32.6975,109.0072,80.0,10.0,11.0
325,Gaomi,150793.0,24.0,38,36.3432,119.7478,38.0,19.0,10.0
326,Sakai,782339.0,7.0,9,34.5939598,135.47178180000003,9.0,16.0,1.0
327,Haikou,615835.0,14.0,97,20.030793,110.32885900000001,97.0,28.0,22.0
328,Qinhuangdao,759718.0,6.0,23,39.935377,119.60049199999999,9.0,27.0,7.0
329,Kermanshah,621100.0,1392.0,52,34.3103825,47.070291499999996,20.0,18.0,8.0
330,Liverpool,864122.0,30.0,19,53.37286999999999,-3.022722,17.0,5.0,27.0
331,Guwahati,899094.0,59.0,168,26.1445,91.7362,168.0,35.0,7.0
332,Konya,875530.0,1030.0,149,37.8605257547351,32.4758067564465,149.0,20.0,27.0
333,Bengbu,576648.0,31.0,46,32.916287,117.389719,46.0,46.0,4.0
334,Yibin,242111.0,262.0,119,28.751812,104.64338199999999,119.0,22.0,8.0
335,Chandigarh,960787.0,351.0,162,30.751462,76.762879,162.0,47.0,13.0
336,Yinchuan,475101.0,1117.0,132,38.487194,106.23090900000001,132.0,7.0,10.0
337,Guilin,649352.0,160.0,61,25.273566,110.290195,61.0,46.0,17.0
338,Hamamatsu,605098.0,3.0,28,34.710834399999996,137.7261258,5.0,12.0,8.0
339,Sao Bernardo Do Campo,743372.0,796.0,31,-23.698671085999997,-46.546232187,13.0,68.0,13.0
340,Bishkek,900000.0,767.0,53,42.827625,74.58384000000001,53.0,15.0,8.0
341,Suihua,252245.0,183.0,57,46.6384,126.9934,57.0,19.0,6.0
342,Marseille,794811.0,28.0,19,43.30608,5.39579,19.0,9.0,25.0
343,Kaifeng,900000.0,76.0,80,34.797239000000005,114.30758200000001,80.0,19.0,4.0
344,Tongliao,261110.0,182.0,59,43.6801,122.2532,59.0,14.0,7.0
345,Dongying,306450.0,6.0,61,37.434751,118.67476699999999,61.0,40.0,1.0
346,Mysore,868313.0,757.0,49,12.351144099999999,76.62491709999999,49.0,15.0,5.0
347,Niigata,505272.0,-2.0,27,37.9161924,139.0364126,17.0,7.0,11.0
348,Indianapolis ,829718.0,218.0,52,39.787933,-86.13088,52.0,9.0,10.0
349,Jiaozhou,165026.0,10.0,30,36.27582778,120.01977778,30.0,19.0,6.0
350,Pingxiang ,372123.0,167.0,80,27.622768,113.854556,80.0,46.0,6.0
351,Haiphong,602695.0,12.0,-,21.0201158,106.7004633,13.0,27.0,24.0
352,Jacksonville ,12222.0,216.0,31,30.356388888888997,-81.635277777778,31.0,10.0,10.0
353,Dandong,631973.0,10.0,34,40.0005,124.354707,34.0,38.0,3.0
354,Xinyu,97480.0,68.0,65,27.817809000000004,114.91734699999999,65.0,46.0,5.0
355,Xinxiang,743601.0,82.0,82,35.302928,113.926975,82.0,19.0,3.0
356,Port Elizabeth,967677.0,75.0,33,-33.985586,25.5885,33.0,9.0,8.0
357,Nantong,666251.0,6.0,55,31.980175,120.89433899999999,55.0,58.0,4.0
358,Anyang,781129.0,70.0,70,36.097592999999996,114.392756,70.0,51.0,1.0
359,Renqiu,98569.0,13.0,78,38.675,116.09100000000001,78.0,45.0,1.0
360,Foshan,3600000.0,5.0,59,23.021548000000003,113.121416,59.0,28.0,10.0
361,Goyang,1073069.0,29.0,55,37.6583599,126.8320201,55.0,24.0,1.0
362,Bucheon ,868517.0,17.0,38,37.5034138,126.76603090000002,38.0,24.0,1.0
363,Dongyang,130387.0,97.0,39,29.298189,120.24607900000001,34.0,23.0,2.0
364,Lviv,717803.0,284.0,16,49.8475,24.0155,16.0,9.0,20.0
365,Kunshan,1600000.0,10.0,50,31.3875,120.9531,50.0,106.0,1.0
366,Salem,778396.0,283.0,12,44.943114,-123.00593400000001,12.0,2.0,10.0
367,Huaibei,903039.0,51.0,25,33.955845000000004,116.79826499999999,25.0,51.0,1.0
368,Liyang,72276.0,9.0,42,31.4,119.46,42.0,56.0,2.0
369,Samut Prakan,388920.0,5.0,129,13.599148999999999,100.59734499999999,129.0,57.0,3.0
370,Rongcheng,91517.0,12.0,68,23.549993,116.372831,68.0,19.0,6.0
371,Laixi,75849.0,54.0,38,36.864444,120.536667,38.0,19.0,8.0
372,Liaoyang,687890.0,33.0,57,41.267244,123.236944,57.0,46.0,2.0
373,Zhaotong,109400.0,1974.0,104,27.3361,103.7225,104.0,10.0,5.0
374,Jerusalem,801000.0,786.0,109,31.768319,35.21371,109.0,37.0,20.0
375,Tainan,771235.0,26.0,79,22.984581,120.20261699999999,78.0,45.0,1.0
376,Cuernavaca,338650.0,1540.0,18,18.90861,-99.21167,18.0,18.0,4.0
377,Linfen,232566.0,451.0,57,36.088066999999995,111.51888000000001,57.0,15.0,13.0
378,Shangyu,770000.0,13.0,76,29.99,120.89222222222222,76.0,37.0,1.0
379,Aguascalientes,722250.0,1882.0,71,21.903003362672,-102.28461279505,71.0,10.0,7.0
380,Hamilton,902.0,22.0,46,43.2500208,-79.86609140000002,46.0,10.0,6.0
381,Langfang,720119.0,18.0,53,39.538047,116.683752,53.0,51.0,1.0
382,Osasco,677856.0,750.0,53,-23.526721419,-46.792077661,53.0,79.0,16.0
383,Nonthaburi,291555.0,1.0,85,13.907860999999999,100.535641,85.0,59.0,9.0
384,Yichang,476725.0,63.0,87,30.691966999999998,111.28647099999999,87.0,19.0,4.0
385,Yangzhou,539715.0,14.0,38,32.39421,119.412966,38.0,58.0,1.0
386,Jalandhar,785178.0,243.0,186,31.321907,75.578914,186.0,58.0,11.0
387,Xiangtan,674189.0,31.0,102,27.829738,112.94404899999999,102.0,46.0,8.0
388,Winnipeg,632063.0,245.0,18,49.89798,-97.1465,18.0,4.0,11.0
389,Kota,763088.0,267.0,172,25.1438895,75.8212555,172.0,55.0,6.0
390,Sevilla,703206.0,16.0,57,37.4005114,-5.9549858,57.0,21.0,10.0
391,Navi Mumbai ,2600000.0,14.0,167,19.008751,73.01661999999999,167.0,49.0,8.0
392,Saltillo,709671.0,1592.0,73,25.421472222222,-100.99686111111001,73.0,12.0,8.0
393,Shizuoka,701561.0,23.0,31,34.975562,138.38275959999999,13.0,9.0,9.0
394,Yingkou,591159.0,4.0,30,40.667012,122.235418,30.0,40.0,3.0
395,Wuhu,507524.0,19.0,68,31.352859000000002,118.43294099999999,68.0,67.0,1.0
396,Zhenjiang,632552.0,26.0,70,32.187849,119.425836,70.0,58.0,1.0
397,Hegang,743307.0,167.0,61,47.349916,130.29796399999998,61.0,3.0,8.0
398,Linqing,110046.0,36.0,102,36.811944,115.733056,102.0,28.0,3.0
399,Austin ,793.0,47.0,50,30.354435600000002,-97.7602554,50.0,6.0,7.0
400,Yancheng,628441.0,3.0,42,33.347378000000006,120.16356100000002,42.0,42.0,2.0
401,Qiongshan,87657.0,18.0,85,20.030793,110.32885900000001,85.0,28.0,22.0
402,Wendeng,115370.0,45.0,24,37.195254,122.062606,13.0,15.0,12.0
403,Okayama,639652.0,5.0,-,34.6551456,133.9195019,50.0,17.0,22.0
404,Antalya,758188.0,61.0,81,36.8877038453118,30.72677602063,81.0,23.0,27.0
405,Kumamoto,680423.0,9.0,28,32.8031004,130.70789109999998,13.0,10.0,6.0
406,Mexicali,689775.0,4.0,42,32.640027777778,-115.47463888889,34.0,19.0,6.0
407,Nottingham,729977.0,46.0,17,52.954730000000005,-1.146447,17.0,7.0,23.0
408,Haining,70171.0,7.0,50,30.523821999999996,120.67829099999999,50.0,58.0,3.0
409,Yangquan,413394.0,722.0,70,37.856972,113.580519,70.0,30.0,6.0
410,Chenzhou,179038.0,180.0,93,25.77051,113.01471799999999,93.0,46.0,6.0
411,Morelia,597511.0,1917.0,80,19.702153,-101.19094799999999,80.0,17.0,5.0
412,Huangshi ,688090.0,22.0,55,30.199652,115.03851999999999,55.0,28.0,4.0
413,Qixia,79106.0,135.0,57,37.306944,120.83694399999999,57.0,19.0,14.0
414,Qujing,146015.0,1887.0,61,25.49001,103.79616700000001,61.0,19.0,7.0
415,Moradabad,721139.0,205.0,257,28.8253591,78.78303829999999,257.0,63.0,13.0
416,Sheffield,685368.0,75.0,20,53.378622,-1.4780959999999999,10.0,5.0,27.0
417,Acheng,144665.0,139.0,122,45.5422,126.979,122.0,19.0,3.0
418,Wroclaw,634893.0,119.0,29,51.086225,17.012689,29.0,34.0,6.0
419,Jieyang,1001985.0,7.0,68,23.549993,116.372831,68.0,19.0,6.0
420,Shaoxing,421283.0,21.0,97,29.995762,120.58610900000001,97.0,31.0,1.0
421,Qionglai,55587.0,511.0,39,30.4175,103.438333,17.0,71.0,26.0
422,Deyang,152194.0,501.0,132,31.126856,104.398021,132.0,25.0,7.0
423,Fuxin,689050.0,142.0,24,42.021619,121.670324,21.0,10.0,10.0
424,Puente Alto,510417.0,700.0,67,-33.591390623022,-70.594788,34.0,19.0,10.0
425,Qufu,85144.0,69.0,68,35.58291899,116.9925683,68.0,28.0,7.0
426,Bhiwandi,707035.0,9.0,159,19.25292,73.14201899999999,159.0,46.0,11.0
427,Jeonju ,711424.0,44.0,42,35.8242238,127.14795320000002,42.0,23.0,1.0
428,Charlotte ,530.0,183.0,30,35.281791,-80.851473,30.0,9.0,9.0
429,Weihai,152595.0,14.0,50,37.513068,122.12042,50.0,22.0,9.0
430,Lanxi,72528.0,164.0,55,29.212484999999997,119.46626299999998,55.0,28.0,2.0
431,Yuncheng,201950.0,361.0,144,35.026412,111.007529,144.0,18.0,10.0
432,Kagoshima,555352.0,6.0,27,31.5965535,130.55711580000002,21.0,14.0,11.0
433,Orumiyeh,1040565.0,1503.0,111,37.554140000000004,45.047090000000004,99.0,8.0,9.0
434,Binzhou,115893.0,14.0,59,37.38199,117.970703,59.0,47.0,2.0
435,El Paso ,681124.0,1133.0,74,31.765697600000003,-106.45522040000002,74.0,27.0,6.0
436,Zhaoyuan,120000.0,74.0,23,37.373611,120.39861100000002,5.0,19.0,12.0
437,Huizhou,289201.0,25.0,68,23.111847,114.416196,68.0,19.0,15.0
438,Tianchang,61292.0,281.0,70,38.088,114.06,70.0,24.0,5.0
439,Dortmund,588462.0,96.0,33,51.523543,7.483561999999999,33.0,9.0,15.0
440,Shihezi,572772.0,467.0,157,44.2967,86.0497,157.0,9.0,5.0
441,Shiyan,3460000.0,247.0,76,32.629397,110.797991,76.0,25.0,11.0
442,Cheongju,670680.0,81.0,53,36.6424341,127.48903190000001,53.0,19.0,1.0
443,Jingmen,167750.0,94.0,122,31.035422999999998,112.199265,122.0,19.0,13.0
444,Anqing,358661.0,19.0,119,30.543494,117.063755,119.0,46.0,6.0
445,Stuttgart,589793.0,252.0,21,48.783150000042,9.180730555852302,21.0,5.0,22.0
446,Kingston,880.0,71.0,22,44.219722,-76.521111,21.0,1.0,13.0
447,Milwaukee ,600155.0,188.0,24,43.01724,-87.93369,24.0,3.0,13.0
448,Glasgow,591620.0,40.0,16,55.85917,-4.258889,10.0,10.0,17.0
449,Funabashi,560743.0,11.0,33,35.694705799999994,139.982618,21.0,29.0,2.0
450,Zhangzhou,589831.0,14.0,109,24.512949,117.647481,109.0,31.0,36.0
451,Xianning,179494.0,30.0,70,29.841442999999998,114.322492,70.0,28.0,2.0
452,Poznan,570352.0,69.0,18,52.398175,16.95951944,18.0,9.0,20.0
453,Kayseri,592840.0,1054.0,112,38.717304999999996,35.486887,112.0,26.0,25.0
454,Chon Buri,219164.0,8.0,91,13.35461667,100.9792167,91.0,44.0,13.0
455,Samarinda,355160.0,24.0,21,-0.4948232,117.14361540000002,21.0,24.0,3.0
456,Helsinki,558457.0,26.0,18,60.17332439999999,24.9410248,11.0,4.0,25.0
457,Akesu,340020.0,1119.0,162,41.1636,80.2828,162.0,8.0,6.0
458,Novokuznetsk,539616.0,208.0,8,53.77754,87.13096,8.0,41.0,6.0
459,Hachioji,579399.0,127.0,33,35.6663394,139.31580559999998,1.0,24.0,2.0
460,Beihai,289568.0,3.0,87,21.481254,109.119927,87.0,46.0,22.0
461,Yongkang,536000.0,121.0,74,28.8911,120.0317,74.0,28.0,2.0
462,Louisville ,243639.0,142.0,27,38.288191,-85.741337,27.0,9.0,10.0
463,Chizhou,148375.0,21.0,107,30.6648,117.49156799999999,107.0,46.0,3.0
464,Huaiyin,4800000.0,7.0,70,33.61036,119.01528799999998,70.0,56.0,1.0
465,Dezhou,379555.0,24.0,72,37.434093,116.35746499999999,72.0,31.0,1.0
466,Jiujiang,258807.0,41.0,76,29.705078000000004,116.00193,76.0,46.0,4.0
467,Bristol,617280.0,21.0,24,51.462839,-2.584482,21.0,7.0,24.0
468,Botou,63045.0,17.0,115,38.079,116.57,114.0,20.0,1.0
469,Astana,345604.0,358.0,137,51.125285999999996,71.46722,137.0,1.0,10.0
470,Nashville-Davidson ,530852.0,170.0,35,36.1767,-86.7386,35.0,8.0,10.0
471,Oslo,580000.0,26.0,153,59.90309499999999,10.758408,153.0,12.0,15.0
472,Vilnius,542366.0,98.0,3,54.7117424,25.2974345,53.0,17.0,13.0
473,Songyuan,113611.0,134.0,50,45.0878,124.8292,50.0,10.0,8.0
474,Yangjiang,399735.0,15.0,55,21.857958,111.98223200000001,55.0,28.0,20.0
475,Jiangmen,532419.0,11.0,63,22.578738,113.081901,63.0,28.0,7.0
476,Shaoguan,628749.0,69.0,78,24.810403,113.597522,78.0,45.0,9.0
477,Portland ,632309.0,12.0,19,45.496641,-122.602877,19.0,3.0,10.0
478,Oklahoma City ,631346.0,366.0,44,35.502968,-97.577674,34.0,6.0,9.0
479,Nakhon Ratchasima,208781.0,187.0,82,14.979536999999999,102.09833499999999,82.0,31.0,17.0
480,Kerman,577514.0,1760.0,66,30.293696999999998,57.08758,66.0,60.0,7.0
481,Islamabad,601600.0,579.0,180,33.7235,73.11822,180.0,54.0,5.0
482,Sarajevo,696731.0,509.0,155,43.848324,18.363395999999998,155.0,15.0,20.0
483,Dushanbe,679400.0,767.0,42,38.55767,68.77592,42.0,34.0,11.0
484,Vientiane,196731.0,174.0,70,17.896122000000002,102.64,70.0,28.0,14.0
485,Yicheng,176006.0,10.0,38,31.3542,119.8177,38.0,58.0,1.0
486,Skoplje,474889.0,247.0,55,41.99249998,21.42361109,55.0,18.0,18.0
487,Dali,14760.0,1517.0,22,25.5811,100.2171,17.0,19.0,3.0
488,Rasht,594590.0,4.0,117,37.3165811,49.606527899999996,2.0,42.0,3.0
