,cities,aqi,latitude,longitude,pm25,pm10,o3,uvi,date
0,Tokyo,34,35.6414629,139.6981712,30.0,29.0,1.0,1.0,11-30-2021
1,Jakarta,74,-6.182536,106.834236,74.0,78.0,1.0,3.0,11-30-2021
2,New York ,114,40.7127837,-74.0059413,114.0,50.0,2.0,0.0,11-30-2021
3,Seoul,68,37.566535,126.9779692,68.0,23.0,1.0,0.0,11-30-2021
5,Mumbai ,173,19.07283,72.88261,173.0,46.0,9.0,1.0,11-30-2021
6,Sao Paulo,23,-23.544845659,-46.627675592,13.0,80.0,18.0,0.0,11-30-2021
7,Mexico City,114,19.42461,-99.119594,114.0,52.0,13.0,0.0,11-30-2021
8,Delhi,237,28.63576,77.22445,237.0,73.0,7.0,1.0,11-30-2021
9,Osaka,30,34.6937378,135.5021651,30.0,14.0,1.0,1.0,11-30-2021
11,Kolkata ,192,22.56263,88.36304,192.0,69.0,9.0,2.0,11-30-2021
12,Los Angeles ,64,34.06653,-118.22676,57.0,60.0,4.0,1.0,11-30-2021
13,Shanghai,76,31.2047372,121.4489017,76.0,123.0,1.0,1.0,11-30-2021
14,Moscow,12,55.759354,37.595584,21.0,28.0,5.0,0.0,11-30-2021
15,Beijing ,15,39.954592,116.468117,13.0,57.0,1.0,1.0,11-30-2021
16,Buenos Aires,42,-34.657988,-58.342538,42.0,5.0,2.0,0.0,11-30-2021
18,Shenzhen,91,22.543099,114.057868,91.0,28.0,9.0,2.0,11-30-2021
19,Istanbul,24,41.014722,28.954722,68.0,22.0,23.0,0.0,11-30-2021
21,Paris,22,48.856614,2.3522219,31.0,11.0,20.0,0.0,11-30-2021
22,Karachi,267,24.8415,67.0091,267.0,58.0,5.0,1.0,11-30-2021
23,Nagoya,26,35.1814464,136.906398,17.0,18.0,2.0,1.0,11-30-2021
24,Chicago ,33,41.9136,-87.7239,33.0,10.0,8.0,0.0,11-30-2021
25,Lagos,33,6.4404830932617,3.4068150520325,33.0,65.0,3.0,1.0,11-30-2021
26,London,17,51.5073509,-0.1277583,17.0,9.0,18.0,1.0,11-30-2021
27,Bangkok,114,13.7563309,100.5017651,114.0,54.0,6.0,2.0,11-30-2021
29,Tehran,163,35.686719,51.422419,163.0,62.0,1.0,1.0,11-30-2021
30,Lima,130,-11.98164,-76.99925,130.0,22.0,3.0,0.0,11-30-2021
31,Dongguan,72,23.020536,113.751765,72.0,28.0,6.0,2.0,11-30-2021
32,Bogota,13,4.5725,-74.0836,13.0,23.0,5.0,0.0,11-30-2021
33,Chennai ,114,13.08784,80.27847,114.0,19.0,8.0,1.0,11-30-2021
34,Dhaka,199,23.796373,90.424614,199.0,52.0,9.0,1.0,11-30-2021
36,Tianjin ,42,39.084158,117.200983,42.0,31.0,1.0,1.0,11-30-2021
37,Hong Kong,70,22.2796569,114.1719873,70.0,31.0,5.0,2.0,11-30-2021
38,Taipei,65,25.062361,121.526528,65.0,19.0,14.0,1.0,11-30-2021
39,Lahore,158,31.560078,74.33589,158.0,88.0,5.0,1.0,11-30-2021
40,Ho Chi Minh City ,68,10.782978,106.700711,68.0,29.0,2.0,1.0,11-30-2021
41,Bangalore,59,12.938539,77.5901,59.0,21.0,5.0,2.0,11-30-2021
42,Hyderabad,159,17.38405,78.45636,159.0,57.0,16.0,1.0,11-30-2021
43,Johannesburg,-,-26.178666,28.13314,91.0,9.0,5.0,4.0,11-30-2021
44,Baghdad,170,33.3128,44.3615,170.0,39.0,9.0,1.0,11-30-2021
45,Toronto,25,43.653226,-79.3831843,25.0,8.0,9.0,0.0,11-30-2021
46,Santiago,53,-33.464142,-70.660797,38.0,46.0,11.0,0.0,11-30-2021
48,San Francisco ,55,37.76595,-122.39902,55.0,63.0,2.0,0.0,11-30-2021
49,Philadelphia ,23,39.934635,-75.126126,23.0,22.0,5.0,0.0,11-30-2021
51,Miami ,26,25.794722222222,-80.215555555556,26.0,25.0,8.0,0.0,11-30-2021
53,Madrid,34,40.4167754,-3.7037902,34.0,22.0,11.0,0.0,11-30-2021
54,Ahmedabad,152,22.9987886,72.6029661,152.0,52.0,11.0,1.0,11-30-2021
55,Boston ,24,42.3584308,-71.0597732,17.0,5.0,11.0,0.0,11-30-2021
57,Khartoum,166,15.5007,32.5599,166.0,142.0,15.0,2.0,11-30-2021
59,Shenyang,55,41.805698,123.431475,55.0,46.0,2.0,0.0,11-30-2021
61,Pune,232,18.529603,73.849586,232.0,46.0,15.0,0.0,11-30-2021
62,Riyadh,72,24.7136,46.6753,72.0,74.0,8.0,1.0,11-30-2021
63,Singapore,17,1.296183,103.846181,17.0,28.0,4.0,3.0,11-30-2021
64,Washington ,51,38.8577,-77.05922,51.0,11.0,5.0,0.0,11-30-2021
65,Yangon ,95,16.8256,96.1445,95.0,34.0,7.0,2.0,11-30-2021
66,Milan ,34,45.470501,9.19746075,34.0,9.0,15.0,0.0,11-30-2021
67,Atlanta ,24,33.720192,-84.357056,24.0,10.0,11.0,0.0,11-30-2021
68,Chongqing,112,29.56301,106.551557,112.0,19.0,1.0,1.0,11-30-2021
69,Alexandria,51,38.8577,-77.05922,51.0,11.0,5.0,0.0,11-30-2021
70,Nanjing ,44,32.060255,118.796877,38.0,58.0,1.0,1.0,11-30-2021
72,Barcelona,29,41.38534,2.153822,25.0,32.0,5.0,0.0,11-30-2021
73,Chengdu,114,30.6250145,104.0670559,114.0,28.0,4.0,1.0,11-30-2021
74,Detroit ,46,42.3149367,-83.0363633,46.0,9.0,7.0,0.0,11-30-2021
75,Ankara,81,39.91832282586664,32.82290472883654,81.0,17.0,22.0,0.0,11-30-2021
76,Abidjan,154,5.36,-4.0083,154.0,44.0,4.0,2.0,11-30-2021
77,Athens,55,37.988028,23.727628,55.0,34.0,25.0,0.0,11-30-2021
79,Sydney,7,-33.872468,151.213337,5.0,11.0,6.0,2.0,11-30-2021
80,Monterrey,78,25.73,-100.30972222222,78.0,45.0,5.0,1.0,11-30-2021
81,Phoenix ,26,33.403055555556,-112.07527777778,20.0,29.0,3.0,1.0,11-30-2021
82,Busan ,25,35.1795543,129.0756416,25.0,13.0,5.0,1.0,11-30-2021
86,Melbourne,31,-37.8073959,144.97,31.0,25.0,10.0,2.0,11-30-2021
88,Hangzhou ,139,30.274085,120.15507,139.0,75.0,1.0,1.0,11-30-2021
89,Algiers,30,36.7558,3.039114,30.0,10.0,17.0,1.0,11-30-2021
92,Xi'An ,149,34.341568,108.940175,149.0,19.0,7.0,1.0,11-30-2021
94,Qingdao ,28,36.067082,120.38264,21.0,13.0,13.0,0.0,11-30-2021
98,Durban,37,-29.858283,31.027286,37.0,32.0,7.0,4.0,11-30-2021
99,Kanpur,183,26.4703088,80.3251749,183.0,69.0,9.0,1.0,11-30-2021
100,Addis Ababa,53,9.058498,38.761642,53.0,68.0,10.0,3.0,11-30-2021
102,Jeddah ,147,21.543486,39.17299,147.0,82.0,13.0,1.0,11-30-2021
103,Naples ,114,40.85361,14.27167,114.0,13.0,13.0,0.0,11-30-2021
104,Kabul,193,34.554382,69.2046,193.0,27.0,27.0,3.0,11-30-2021
105,Salvador,38,13.70630556,-89.20011667,38.0,9.0,9.0,3.0,11-30-2021
106,Harbin ,87,45.7258,126.646,87.0,28.0,4.0,0.0,11-30-2021
109,Cape Town,28,-33.913833,18.425167,28.0,13.0,6.0,2.0,11-30-2021
112,San Diego ,17,32.7101770008584,-117.142665,68.0,40.0,6.0,0.0,11-30-2021
113,Seattle ,30,47.597222,-122.319722,30.0,2.0,12.0,0.0,11-30-2021
114,Rome,30,41.8932669,12.4753855,30.0,16.0,11.0,0.0,11-30-2021
116,Taichung,63,24.099611,120.677689,63.0,20.0,2.0,2.0,11-30-2021
117,Jaipur,142,26.9405166,75.8007016,142.0,55.0,12.0,1.0,11-30-2021
120,Kaohsiung,97,22.608711,120.312017,97.0,40.0,11.0,2.0,11-30-2021
121,Minneapolis ,9,44.9536,-93.2581,9.0,12.0,9.0,0.0,11-30-2021
122,Lucknow,197,26.84578611,80.93874444,197.0,73.0,12.0,1.0,11-30-2021
124,Tel Aviv-Yafo,66,32.066158,34.777819,66.0,39.0,25.0,1.0,11-30-2021
126,Kyiv ,19,50.444,30.54,19.0,8.0,17.0,0.0,11-30-2021
128,Mashhad,173,36.3382,59.5853,173.0,22.0,3.0,1.0,11-30-2021
129,Izmir,37,38.432222,27.144444,37.0,37.0,26.0,0.0,11-30-2021
130,Rawalpindi,197,33.7235,73.11822,197.0,54.0,5.0,1.0,11-30-2021
131,Tashkent,166,41.3672,69.2725,166.0,17.0,1.0,0.0,11-30-2021
132,Katowice,69,50.264611,18.975028,69.0,22.0,14.0,0.0,11-30-2021
133,Changchun,109,43.816964,125.323471,109.0,26.0,4.0,0.0,11-30-2021
135,Daegu ,25,35.8714354,128.601445,25.0,21.0,1.0,0.0,11-30-2021
136,Changsha,53,28.228209,112.938814,53.0,46.0,8.0,1.0,11-30-2021
137,Nagpur,155,21.152875,79.0517531,155.0,53.0,12.0,2.0,11-30-2021
140,Lisbon,7,38.748611111111,-9.1488888888889,46.0,32.0,12.0,0.0,11-30-2021
141,Frankfurt Am Main,11,50.126666666667,8.7483333333333,36.0,5.0,18.0,0.0,11-30-2021
142,Nanchang,73,28.683213,115.858121,68.0,44.0,4.0,1.0,11-30-2021
144,Tampa ,19,27.928333333333,-82.454444444444,19.0,11.0,10.0,1.0,11-30-2021
146,Dalian,26,38.914003,121.614682,5.0,32.0,4.0,0.0,11-30-2021
148,Shijiazhuang,65,38.042307,114.51486,65.0,60.0,1.0,0.0,11-30-2021
149,Manchester,52,53.48152,-2.237881,52.0,7.0,23.0,0.0,11-30-2021
153,Fukuoka,46,33.5903547,130.4017155,46.0,9.0,3.0,1.0,11-30-2021
157,Denver ,25,39.751184,-104.987625,25.0,8.0,7.0,0.0,11-30-2021
158,St. Louis ,53,38.656449,-90.198548,53.0,10.0,7.0,0.0,11-30-2021
159,Colombo,38,6.913047,79.84807,38.0,40.0,6.0,3.0,11-30-2021
161,Baltimore ,17,39.2981,-76.604698,17.0,13.0,5.0,0.0,11-30-2021
162,Sapporo,42,43.0620958,141.3543763,42.0,30.0,8.0,0.0,11-30-2021
165,Preston,24,53.76559,-2.680353,24.0,5.0,27.0,0.0,11-30-2021
166,Patna,379,25.619651,85.147382,170.0,70.0,10.0,1.0,11-30-2021
168,Warsaw,50,52.225171,21.014783,50.0,50.0,5.0,0.0,11-30-2021
172,Yokohama,34,35.4437078,139.6380256,13.0,28.0,2.0,1.0,11-30-2021
173,Kunming,102,24.880182,102.832861,102.0,21.0,3.0,1.0,11-30-2021
174,Guiyang,102,26.647661,106.630154,102.0,29.0,5.0,0.0,11-30-2021
175,Zibo,99,36.813094,118.054868,99.0,45.0,2.0,1.0,11-30-2021
176,Incheon,68,37.4562557,126.7052062,68.0,24.0,1.0,0.0,11-30-2021
177,Zhengzhou,46,34.7466,113.625368,46.0,41.0,8.0,0.0,11-30-2021
178,Taiyuan,68,37.87059,112.548879,68.0,23.0,8.0,0.0,11-30-2021
179,Chaoyang ,34,41.573734,120.450372,34.0,10.0,10.0,0.0,11-30-2021
180,Brasilia,30,-22.563603777,-47.414314034,30.0,60.0,14.0,0.0,11-30-2021
181,Zhongshan,50,22.516686,113.392795,50.0,33.0,5.0,1.0,11-30-2021
186,Fuzhou ,68,26.074508,119.296494,68.0,19.0,9.0,1.0,11-30-2021
187,Lanzhou,107,36.061255,103.834377,107.0,17.0,6.0,1.0,11-30-2021
188,Xiamen,65,24.479834,118.089425,65.0,26.0,11.0,2.0,11-30-2021
190,Zaozhuang,58,34.810488,117.323725,55.0,46.0,1.0,1.0,11-30-2021
191,Jilin,129,43.837883,126.549572,129.0,30.0,5.0,0.0,11-30-2021
192,Linyi,104,35.104672,118.356448,104.0,46.0,1.0,1.0,11-30-2021
193,Wenzhou,50,27.994267,120.699367,50.0,19.0,4.0,1.0,11-30-2021
199,Brisbane,20,-27.4774,153.028,20.0,5.0,5.0,0.0,11-30-2021
202,Nanchong,134,30.837793,106.110698,134.0,19.0,10.0,1.0,11-30-2021
203,Nanning,87,22.817239,108.366129,87.0,28.0,11.0,1.0,11-30-2021
204,Urumqi,87,43.825645,87.616823,87.0,9.0,7.0,0.0,11-30-2021
205,Yantai,42,37.463822,121.447935,42.0,28.0,4.0,0.0,11-30-2021
206,Fuyang ,104,30.048735,119.960109,104.0,37.0,1.0,1.0,11-30-2021
207,Tangshan,50,39.630867,118.180194,50.0,40.0,1.0,0.0,11-30-2021
209,Hamburg,20,53.59235,10.053724,17.0,14.0,3.0,0.0,11-30-2021
210,Budapest,24,47.508605,19.02764,24.0,9.0,19.0,0.0,11-30-2021
213,Xuzhou,50,34.20475,117.284072,50.0,59.0,1.0,0.0,11-30-2021
215,Baotou,68,40.657449,109.840347,68.0,2.0,13.0,0.0,11-30-2021
216,Hefei,82,31.821448,117.227271,82.0,46.0,2.0,1.0,11-30-2021
217,Vienna,13,48.2167394444444,16.3809180555556,13.0,7.0,21.0,0.0,11-30-2021
218,Indore,144,22.719444,75.870278,144.0,46.0,14.0,2.0,11-30-2021
221,Belgrade,55,44.796959,20.475288,55.0,9.0,24.0,0.0,11-30-2021
222,Suzhou ,31,31.298886,120.585316,25.0,86.0,1.0,0.0,11-30-2021
223,Suizhou,63,31.690216,113.382458,63.0,35.0,7.0,0.0,11-30-2021
224,Nanyang,63,32.990833,112.528322,63.0,19.0,5.0,1.0,11-30-2021
227,Ningbo,170,29.868336,121.54399,170.0,36.0,2.0,1.0,11-30-2021
229,Anshan,65,41.108546,122.994646,65.0,46.0,2.0,0.0,11-30-2021
230,Tengzhou,31,35.038775,117.182015,25.0,28.0,8.0,1.0,11-30-2021
231,Qiqihaer,82,47.354348,123.918186,82.0,16.0,4.0,0.0,11-30-2021
233,Taian,34,36.200252,117.087614,34.0,46.0,2.0,1.0,11-30-2021
234,Datong,76,40.076816,113.300126,76.0,18.0,8.0,0.0,11-30-2021
235,Kobe,46,34.690083,135.1955112,46.0,15.0,3.0,1.0,11-30-2021
236,Hama,17,34.2200983,132.2201848,17.0,8.0,7.0,0.0,11-30-2021
237,Esfahan,135,32.6562118,51.6707195,135.0,49.0,2.0,1.0,11-30-2021
242,Luoyang,80,34.618452,112.45429,80.0,29.0,10.0,0.0,11-30-2021
243,Quito,28,-0.221393,-78.514005,5.0,16.0,4.0,0.0,11-30-2021
244,Jinjiang,61,24.8978,118.5972,61.0,27.0,12.0,1.0,11-30-2021
246,Perth,21,56.399327,-3.434182,21.0,4.0,24.0,0.0,11-30-2021
247,Daejeon ,42,36.3504119,127.3845475,42.0,22.0,1.0,0.0,11-30-2021
248,Kyoto,22,35.0116363,135.7680294,17.0,12.0,3.0,1.0,11-30-2021
250,Tangerang,76,-6.236704,106.79324,76.0,76.0,2.0,2.0,11-30-2021
251,Bhopal,163,23.233584,77.400574,163.0,46.0,13.0,1.0,11-30-2021
252,Coimbatore,60,10.942451,76.978996,60.0,23.0,2.0,2.0,11-30-2021
254,Gwangju ,34,35.1595454,126.8526012,34.0,11.0,1.0,1.0,11-30-2021
257,Fushun,112,41.880872,123.957208,112.0,46.0,3.0,0.0,11-30-2021
260,Wuxi,65,31.490637,120.311143,65.0,58.0,1.0,1.0,11-30-2021
261,Hechuan,139,29.999162,106.264407,139.0,19.0,9.0,1.0,11-30-2021
262,Wujin,50,31.810077,119.974454,50.0,58.0,1.0,1.0,11-30-2021
263,Guigang,74,23.0944,109.6014,74.0,39.0,15.0,1.0,11-30-2021
265,Huhehaote,99,40.842299,111.749138,99.0,1.0,12.0,1.0,11-30-2021
266,Santa Cruz,61,36.98401,-121.99097,61.0,38.0,4.0,0.0,11-30-2021
268,Ludhiana,177,30.9019147,75.8077749,177.0,65.0,14.0,1.0,11-30-2021
269,Novosibirsk,11,55.026021,82.907958,11.0,63.0,9.0,1.0,11-30-2021
270,Neijiang,112,29.580229,105.058433,112.0,28.0,11.0,1.0,11-30-2021
274,Weifang,53,36.706774,119.161756,53.0,44.0,2.0,0.0,11-30-2021
275,Daqing,91,46.58931,125.103784,91.0,11.0,7.0,0.0,11-30-2021
277,Tongzhou,17,39.93435,116.67503,17.0,51.0,1.0,1.0,11-30-2021
278,Tabriz,130,38.079304,46.288699,130.0,17.0,8.0,1.0,11-30-2021
282,Huainan,97,32.645,117.0083,97.0,46.0,3.0,1.0,11-30-2021
283,Kochi,25,33.5489621,133.5987948,25.0,10.0,12.0,0.0,11-30-2021
284,Suining,117,30.532847,105.592898,117.0,12.0,12.0,1.0,11-30-2021
285,Bozhou,50,33.8561,115.7831,50.0,46.0,3.0,1.0,11-30-2021
286,Zhanjiang,38,21.270702,110.359387,38.0,32.0,16.0,1.0,11-30-2021
287,Changde,129,29.031673,111.698497,129.0,26.0,11.0,1.0,11-30-2021
289,Suzhou ,31,31.298886,120.585316,25.0,86.0,1.0,0.0,11-30-2021
290,Xintai,70,35.897545,117.795067,70.0,19.0,10.0,1.0,11-30-2021
293,Handan,163,36.625604,114.539085,163.0,46.0,1.0,1.0,11-30-2021
295,Kawasaki,53,35.5309058,139.7030511,53.0,30.0,2.0,1.0,11-30-2021
297,Pingdu,38,36.790556,119.944722,38.0,19.0,7.0,1.0,11-30-2021
298,Agra,196,27.19865833,78.00598056,196.0,73.0,8.0,1.0,11-30-2021
299,Jiangyin,34,31.920658,120.284939,34.0,58.0,1.0,1.0,11-30-2021
302,Bursa,27,40.19572,29.04588,27.0,23.0,26.0,0.0,11-30-2021
307,Dengzhou,161,37.808611,120.7725,161.0,17.0,9.0,0.0,11-30-2021
311,Guarulhos,82,-23.455534258,-46.518533403,82.0,69.0,19.0,0.0,11-30-2021
312,Heze,78,35.23375,115.480656,78.0,46.0,3.0,1.0,11-30-2021
313,Auckland,27,-36.84742808,174.7657304,27.0,6.0,7.0,0.0,11-30-2021
315,Shantou,55,23.353299,116.681838,55.0,26.0,8.0,2.0,11-30-2021
319,Thane,166,19.1375,72.915056,166.0,46.0,9.0,1.0,11-30-2021
320,San Antonio ,15,29.4239327,-98.5805051,15.0,8.0,5.0,1.0,11-30-2021
321,Xinyang,97,32.146984,114.091023,97.0,35.0,5.0,0.0,11-30-2021
322,Luzhou,124,28.87182,105.442347,124.0,35.0,8.0,1.0,11-30-2021
323,Almaty,163,43.222,76.851,163.0,4.0,3.0,0.0,11-30-2021
324,Changshu,42,31.653686,120.752503,42.0,58.0,1.0,1.0,11-30-2021
327,Laiwu,171,36.213691,117.676731,171.0,28.0,3.0,0.0,11-30-2021
328,Xiaoshan,117,30.18194444,120.2697222,117.0,44.0,1.0,1.0,11-30-2021
329,Yiyang,95,28.55386,112.35518,95.0,28.0,10.0,1.0,11-30-2021
331,Liuzhou,80,24.325502,109.415953,80.0,38.0,12.0,1.0,11-30-2021
337,Varanasi,185,25.35055556,82.97833333,185.0,69.0,9.0,1.0,11-30-2021
339,Kampala,142,0.300225,32.591553,142.0,100.0,4.0,3.0,11-30-2021
342,Huaian,65,33.61036,119.015288,65.0,56.0,1.0,1.0,11-30-2021
343,Shiraz,79,29.6092966,52.5300873,79.0,55.0,4.0,1.0,11-30-2021
347,Kalyan,159,19.25292,73.142019,159.0,46.0,11.0,1.0,11-30-2021
348,Quanzhou,65,24.874699,118.675464,65.0,16.0,12.0,1.0,11-30-2021
349,Adana,91,37.0040545100691,35.3440100793125,91.0,36.0,19.0,0.0,11-30-2021
350,Bazhong,104,31.867903,106.747478,104.0,13.0,12.0,0.0,11-30-2021
358,Jingzhou,59,30.335165,112.239741,59.0,19.0,11.0,1.0,11-30-2021
359,Saitama,42,35.8617292,139.6454822,42.0,26.0,2.0,1.0,11-30-2021
360,Prague,14,50.094238,14.442049,9.0,28.0,4.0,0.0,11-30-2021
363,Meerut,303,29.06351,77.709723,303.0,62.0,14.0,1.0,11-30-2021
364,Hyderabad,159,17.38405,78.45636,159.0,57.0,16.0,1.0,11-30-2021
367,Yixing,42,31.3542,119.8177,42.0,58.0,1.0,1.0,11-30-2021
368,Mianyang,124,31.46745,104.679114,124.0,15.0,9.0,0.0,11-30-2021
369,Wenling,78,28.36722222,121.3872222,78.0,19.0,10.0,1.0,11-30-2021
371,Ottawa,13,45.4215296,-75.6971931,17.0,6.0,7.0,0.0,11-30-2021
374,Hiroshima,30,34.3852029,132.4552927,21.0,8.0,3.0,1.0,11-30-2021
375,Chifeng,23,42.257817,118.886856,9.0,8.0,7.0,0.0,11-30-2021
376,Nashik,152,20.0073285,73.7762427,152.0,48.0,15.0,2.0,11-30-2021
379,Rizhao,22,35.416377,119.526888,5.0,46.0,5.0,1.0,11-30-2021
381,Tianshui,153,34.5814,105.7281,153.0,33.0,14.0,1.0,11-30-2021
382,Huzhou,53,30.894348,120.086823,53.0,54.0,1.0,1.0,11-30-2021
386,Adelaide,24,-34.928853,138.600943,1.0,8.0,7.0,3.0,11-30-2021
390,Yuzhou,112,29.56301,106.551557,112.0,19.0,1.0,1.0,11-30-2021
391,Leshan,155,29.552106,103.765568,155.0,24.0,2.0,1.0,11-30-2021
394,Jabalpur,182,23.168606,79.932247,182.0,46.0,11.0,1.0,11-30-2021
396,Jimo,42,36.308156,120.39492,42.0,19.0,9.0,1.0,11-30-2021
397,Dingzhou,20,38.516168,114.990251,17.0,28.0,1.0,1.0,11-30-2021
398,Calgary,86,51.0471506,-114.0731477,86.0,3.0,6.0,0.0,11-30-2021
403,Zoucheng,42,35.411389,116.972222,42.0,28.0,7.0,1.0,11-30-2021
405,Anqiu,68,36.478889,119.222778,68.0,19.0,9.0,1.0,11-30-2021
407,Chelyabinsk,182,55.11245,61.4248,182.0,0.0,18.0,0.0,11-30-2021
409,Asansol,151,23.6871984,86.9461361,151.0,55.0,16.0,1.0,11-30-2021
410,Shouguang,65,36.868333,118.735278,65.0,23.0,8.0,1.0,11-30-2021
411,Changzhou,50,31.810077,119.974454,50.0,58.0,1.0,1.0,11-30-2021
412,Ulsan,27,35.5383773,129.3113596,25.0,19.0,2.0,0.0,11-30-2021
413,Zhuji,82,29.713667,120.236304,82.0,28.0,1.0,1.0,11-30-2021
414,Toluca ,117,19.294298341379,-99.655297086786,117.0,32.0,12.0,0.0,11-30-2021
417,Tbilisi,153,41.708829,44.799661,153.0,26.0,20.0,0.0,11-30-2021
421,Faridabad,236,28.41012222,77.313775,236.0,87.0,7.0,1.0,11-30-2021
427,Zigong,178,29.33903,104.778442,178.0,90.0,3.0,0.0,11-30-2021
428,Jining ,61,35.414921,116.587099,61.0,58.0,1.0,1.0,11-30-2021
429,Edmonton,0,53.5000575,-113.526047,29.0,4.0,6.0,0.0,11-30-2021
432,Dnipropetrovsk,23,48.458139,35.052214,23.0,14.0,15.0,0.0,11-30-2021
434,Qinzhou,91,21.9667,108.6236,91.0,32.0,22.0,2.0,11-30-2021
436,Sendai,30,38.268215,140.8693558,13.0,5.0,7.0,1.0,11-30-2021
438,Ezhou,63,30.39194,114.894843,63.0,28.0,5.0,1.0,11-30-2021
439,Guatemala City,46,14.6069387,-90.5169696,46.0,16.0,10.0,2.0,11-30-2021
442,Brussels,34,50.8503396,4.3517103,34.0,9.0,20.0,0.0,11-30-2021
443,Bamako,114,12.632524,-8.036911,114.0,77.0,5.0,2.0,11-30-2021
444,Ziyang,102,30.128901,104.627636,102.0,28.0,9.0,1.0,11-30-2021
445,Antananarivo,55,-18.908479690552,47.537509918213,55.0,8.0,5.0,2.0,11-30-2021
446,Mudanjiang,89,44.551653,129.633169,89.0,24.0,6.0,0.0,11-30-2021
447,Amritsar,182,31.6199803,74.8764849,182.0,68.0,13.0,1.0,11-30-2021
449,Haora ,182,22.5707053,88.3008448,182.0,66.0,10.0,2.0,11-30-2021
451,Huazhou,124,32.687576,112.087395,124.0,45.0,4.0,1.0,11-30-2021
452,Fuzhou ,68,26.074508,119.296494,68.0,19.0,9.0,1.0,11-30-2021
454,Dublin,1,53.347863,-6.243785,1.0,6.0,27.0,0.0,11-30-2021
461,Kitakyushu,-,33.8834093,130.8752161,46.0,21.0,35.0,0.0,11-30-2021
464,Odessa,90,46.4846547,30.6964293,90.0,28.0,33.0,1.0,11-30-2021
466,Yongchuan,82,29.356178,105.896872,82.0,19.0,9.0,1.0,11-30-2021
467,Peshawar,391,34.00585,71.53775,391.0,58.0,11.0,0.0,11-30-2021
469,Benxi,153,41.294176,123.766485,153.0,46.0,2.0,0.0,11-30-2021
471,Zhangqiu,151,36.676389,117.512778,151.0,23.0,6.0,0.0,11-30-2021
472,Yongzhou,109,26.420394,111.613445,109.0,46.0,7.0,1.0,11-30-2021
475,Ghaziabad,256,28.685382,77.453839,256.0,73.0,9.0,1.0,11-30-2021
478,Zhangjiagang,42,31.8742,120.5264,42.0,58.0,2.0,1.0,11-30-2021
480,Xianyang,152,34.329563,108.709003,152.0,19.0,8.0,1.0,11-30-2021
481,Liaocheng,87,36.456704,115.985371,87.0,57.0,1.0,0.0,11-30-2021
482,Ahwaz,183,31.318914,48.670962,121.0,58.0,17.0,1.0,11-30-2021
484,Linhai,40,28.840238,121.1140945,34.0,19.0,4.0,1.0,11-30-2021
485,Feicheng,59,35.2541,117.966256,59.0,19.0,9.0,1.0,11-30-2021
486,Suwon ,57,37.2635727,127.0286009,57.0,24.0,1.0,0.0,11-30-2021
487,Wuwei,74,37.9311,102.6219,74.0,5.0,10.0,0.0,11-30-2021
488,Haimen,57,23.2539,116.6092,57.0,28.0,9.0,2.0,11-30-2021
491,Xinhui,61,22.5328,113.024,61.0,28.0,9.0,2.0,11-30-2021
492,Gaziantep,91,37.0583387889858,37.3510420617195,91.0,41.0,20.0,0.0,11-30-2021
493,Krasnoyarsk,4,56.025896,92.860477,4.0,2.0,14.0,0.0,11-30-2021
494,Chiba,34,35.6072668,140.1062907,34.0,29.0,2.0,1.0,11-30-2021
499,Yichun ,70,27.815619,114.416778,70.0,32.0,9.0,1.0,11-30-2021
501,Yulin ,55,22.6164,110.1433,55.0,28.0,13.0,2.0,11-30-2021
502,Seongnam,53,37.4449168,127.1388684,53.0,23.0,1.0,0.0,11-30-2021
503,Yueyang,97,29.357104,113.128958,97.0,43.0,7.0,1.0,11-30-2021
504,Yiwu,95,29.306841,120.075058,95.0,28.0,1.0,1.0,11-30-2021
505,San Jose ,107,37.34849,-121.89494,107.0,44.0,3.0,1.0,11-30-2021
506,Jixi,57,45.295075,130.969333,57.0,22.0,6.0,0.0,11-30-2021
510,Guangyuan,87,32.435435,105.843357,87.0,10.0,14.0,1.0,11-30-2021
511,Soweto,56,-26.252611,27.872139,56.0,9.0,5.0,4.0,11-30-2021
512,Zhangjiakou,70,40.824418,114.887543,70.0,1.0,9.0,1.0,11-30-2021
513,Baoding,72,38.873891,115.464806,72.0,60.0,1.0,0.0,11-30-2021
515,Huludao,42,40.711052,120.836932,42.0,19.0,8.0,0.0,11-30-2021
516,Pingdingshan,85,33.76619,113.192814,85.0,19.0,9.0,1.0,11-30-2021
517,Torino,59,45.104332,7.6964231,59.0,14.0,38.0,0.0,11-30-2021
519,Laiyang,38,36.9775,120.714722,38.0,19.0,11.0,0.0,11-30-2021
520,Qingzhou,53,36.681389,118.490833,53.0,19.0,10.0,1.0,11-30-2021
524,Laizhou,30,37.176667,119.940556,30.0,19.0,12.0,0.0,11-30-2021
525,Thiruvananthapuram,50,8.5140567,76.9477422,50.0,13.0,2.0,2.0,11-30-2021
526,Weinan,144,34.499995,109.509786,144.0,19.0,6.0,0.0,11-30-2021
531,Xiaogan,57,30.924568,113.916903,57.0,26.0,6.0,1.0,11-30-2021
533,Jiaxing,63,30.753924,120.758543,63.0,61.0,2.0,1.0,11-30-2021
534,Kozhikode,53,11.249077,75.784371,53.0,23.0,5.0,2.0,11-30-2021
536,Zhuzhou,76,27.82755,113.134003,76.0,46.0,7.0,1.0,11-30-2021
538,Hengyang,65,26.893231,112.571997,65.0,46.0,7.0,1.0,11-30-2021
543,Solapur,140,17.6599188,75.9063906,140.0,52.0,14.0,2.0,11-30-2021
548,Gwalior,154,26.210536,78.171,154.0,58.0,12.0,1.0,11-30-2021
552,Jinzhou ,78,41.09512,121.127004,78.0,17.0,9.0,0.0,11-30-2021
554,Chenghai,68,23.4714,116.7519,68.0,26.0,10.0,2.0,11-30-2021
555,Jiamusi,57,46.799778,130.318879,57.0,15.0,3.0,0.0,11-30-2021
558,Wujiang,57,31.139071,120.645135,57.0,64.0,1.0,1.0,11-30-2021
559,Jodhpur,163,26.268249,73.0193853,163.0,46.0,12.0,1.0,11-30-2021
562,Yuyao,74,30.053171,121.158024,74.0,29.0,2.0,1.0,11-30-2021
567,Saratov,42,51.52003,46.02362,42.0,9.0,18.0,2.0,11-30-2021
569,Ankang,80,32.6975,109.0072,80.0,10.0,11.0,1.0,11-30-2021
570,Gaomi,38,36.3432,119.7478,38.0,19.0,10.0,1.0,11-30-2021
573,Danzhou,107,19.521134,109.580811,107.0,28.0,21.0,2.0,11-30-2021
576,Zhuhai,165,22.270715,113.576726,165.0,40.0,7.0,2.0,11-30-2021
578,Sakai,9,34.5939598,135.4717818,9.0,16.0,1.0,1.0,11-30-2021
579,Haikou,97,20.030793,110.328859,97.0,28.0,22.0,2.0,11-30-2021
582,Xuancheng,93,30.94069,118.758588,93.0,46.0,2.0,1.0,11-30-2021
584,Yuhang,70,30.418333,120.300556,70.0,48.0,1.0,1.0,11-30-2021
585,Qinhuangdao,23,39.935377,119.600492,9.0,27.0,7.0,0.0,11-30-2021
587,Kermanshah,52,34.3103825,47.0702915,20.0,18.0,8.0,1.0,11-30-2021
589,Liverpool,19,53.37287,-3.022722,17.0,5.0,27.0,0.0,11-30-2021
591,Guwahati,168,26.1445,91.7362,168.0,35.0,7.0,2.0,11-30-2021
592,Yichun ,70,27.815619,114.416778,70.0,32.0,9.0,1.0,11-30-2021
593,Konya,149,37.8605257547351,32.4758067564465,149.0,20.0,27.0,0.0,11-30-2021
596,Bengbu,46,32.916287,117.389719,46.0,46.0,4.0,1.0,11-30-2021
597,Yibin,119,28.751812,104.643382,119.0,22.0,8.0,0.0,11-30-2021
598,Chandigarh,162,30.751462,76.762879,162.0,47.0,13.0,1.0,11-30-2021
600,Yinchuan,132,38.487194,106.230909,132.0,7.0,10.0,0.0,11-30-2021
602,Guilin,61,25.273566,110.290195,61.0,46.0,17.0,2.0,11-30-2021
603,Hamamatsu,28,34.7108344,137.7261258,5.0,12.0,8.0,1.0,11-30-2021
604,Sao Bernardo Do Campo,31,-23.698671086,-46.546232187,13.0,68.0,13.0,0.0,11-30-2021
606,Bishkek,53,42.827625,74.58384,53.0,15.0,8.0,0.0,11-30-2021
608,Suihua,57,46.6384,126.9934,57.0,19.0,6.0,0.0,11-30-2021
611,Meishan,153,30.07544,103.848538,153.0,28.0,3.0,1.0,11-30-2021
614,Marseille,19,43.30608,5.39579,19.0,9.0,25.0,0.0,11-30-2021
615,Kaifeng,80,34.797239,114.307582,80.0,19.0,4.0,1.0,11-30-2021
617,Tongliao,59,43.6801,122.2532,59.0,14.0,7.0,0.0,11-30-2021
620,Dongying,61,37.434751,118.674767,61.0,40.0,1.0,0.0,11-30-2021
625,Mysore,49,12.3511441,76.6249171,49.0,15.0,5.0,2.0,11-30-2021
626,Niigata,27,37.9161924,139.0364126,17.0,7.0,11.0,1.0,11-30-2021
627,Indianapolis ,52,39.787933,-86.13088,52.0,9.0,10.0,0.0,11-30-2021
628,Jiaozhou,30,36.27582778,120.01977778,30.0,19.0,6.0,1.0,11-30-2021
629,Pingxiang ,80,27.622768,113.854556,80.0,46.0,6.0,1.0,11-30-2021
630,Haiphong,-,21.0201158,106.7004633,13.0,27.0,24.0,0.0,11-30-2021
632,Jacksonville ,31,30.356388888889,-81.635277777778,31.0,10.0,10.0,0.0,11-30-2021
634,Dandong,34,40.0005,124.354707,34.0,38.0,3.0,0.0,11-30-2021
640,Xinyu,65,27.817809,114.917347,65.0,46.0,5.0,1.0,11-30-2021
641,Gongyi,82,34.7485894,112.9902676,82.0,19.0,8.0,1.0,11-30-2021
643,Xinxiang,82,35.302928,113.926975,82.0,19.0,3.0,1.0,11-30-2021
644,Port Elizabeth,33,-33.985586,25.5885,33.0,9.0,8.0,3.0,11-30-2021
646,Nantong,55,31.980175,120.894339,55.0,58.0,4.0,1.0,11-30-2021
651,Anyang,70,36.097593,114.392756,70.0,51.0,1.0,0.0,11-30-2021
652,Renqiu,78,38.675,116.091,78.0,45.0,1.0,1.0,11-30-2021
653,Foshan,59,23.021548,113.121416,59.0,28.0,10.0,2.0,11-30-2021
658,Goyang,55,37.6583599,126.8320201,55.0,24.0,1.0,0.0,11-30-2021
660,Bucheon ,38,37.5034138,126.7660309,38.0,24.0,1.0,0.0,11-30-2021
667,Dongyang,39,29.298189,120.246079,34.0,23.0,2.0,1.0,11-30-2021
668,Lviv,16,49.8475,24.0155,16.0,9.0,20.0,0.0,11-30-2021
669,Kunshan,50,31.3875,120.9531,50.0,106.0,1.0,1.0,11-30-2021
671,Salem,12,44.943114,-123.005934,12.0,2.0,10.0,0.0,11-30-2021
672,Jiaozuo,73,35.215893,113.241823,72.0,10.0,11.0,1.0,11-30-2021
674,Huaibei,25,33.955845,116.798265,25.0,51.0,1.0,1.0,11-30-2021
675,Liyang,42,31.4,119.46,42.0,56.0,2.0,1.0,11-30-2021
676,Samut Prakan,129,13.599149,100.597345,129.0,57.0,3.0,2.0,11-30-2021
677,Rongcheng,68,23.549993,116.372831,68.0,19.0,6.0,2.0,11-30-2021
683,Laixi,38,36.864444,120.536667,38.0,19.0,8.0,0.0,11-30-2021
684,Liaoyang,57,41.267244,123.236944,57.0,46.0,2.0,0.0,11-30-2021
685,Zhaotong,104,27.3361,103.7225,104.0,10.0,5.0,1.0,11-30-2021
686,Jerusalem,109,31.768319,35.21371,109.0,37.0,20.0,1.0,11-30-2021
687,Tainan,79,22.984581,120.202617,78.0,45.0,1.0,2.0,11-30-2021
688,Cuernavaca,18,18.90861,-99.21167,18.0,18.0,4.0,0.0,11-30-2021
690,Linfen,57,36.088067,111.51888,57.0,15.0,13.0,0.0,11-30-2021
693,Shangyu,76,29.99,120.89222222222222,76.0,37.0,1.0,1.0,11-30-2021
699,Aguascalientes,71,21.903003362672,-102.28461279505,71.0,10.0,7.0,0.0,11-30-2021
701,Hamilton,46,43.2500208,-79.8660914,46.0,10.0,6.0,0.0,11-30-2021
703,Langfang,53,39.538047,116.683752,53.0,51.0,1.0,1.0,11-30-2021
704,Osasco,53,-23.526721419,-46.792077661,53.0,79.0,16.0,0.0,11-30-2021
705,Nonthaburi,85,13.907861,100.535641,85.0,59.0,9.0,2.0,11-30-2021
708,Yichang,87,30.691967,111.286471,87.0,19.0,4.0,1.0,11-30-2021
709,Yangzhou,38,32.39421,119.412966,38.0,58.0,1.0,1.0,11-30-2021
712,Jalandhar,186,31.321907,75.578914,186.0,58.0,11.0,1.0,11-30-2021
715,Xiangtan,102,27.829738,112.944049,102.0,46.0,8.0,1.0,11-30-2021
716,Winnipeg,18,49.89798,-97.1465,18.0,4.0,11.0,0.0,11-30-2021
718,Kota,172,25.1438895,75.8212555,172.0,55.0,6.0,1.0,11-30-2021
719,Sevilla,57,37.4005114,-5.9549858,57.0,21.0,10.0,0.0,11-30-2021
720,Navi Mumbai ,167,19.008751,73.01662,167.0,49.0,8.0,1.0,11-30-2021
722,Saltillo,73,25.421472222222,-100.99686111111,73.0,12.0,8.0,0.0,11-30-2021
724,Shizuoka,31,34.975562,138.3827596,13.0,9.0,9.0,1.0,11-30-2021
728,Yingkou,30,40.667012,122.235418,30.0,40.0,3.0,0.0,11-30-2021
729,Wuhu,68,31.352859,118.432941,68.0,67.0,1.0,1.0,11-30-2021
730,Zhenjiang,70,32.187849,119.425836,70.0,58.0,1.0,1.0,11-30-2021
734,Hegang,61,47.349916,130.297964,61.0,3.0,8.0,0.0,11-30-2021
735,Linqing,102,36.811944,115.733056,102.0,28.0,3.0,1.0,11-30-2021
737,Zunyi,122,27.725654,106.927389,122.0,28.0,9.0,1.0,11-30-2021
738,Panzhihua,112,26.582347,101.718637,112.0,33.0,3.0,1.0,11-30-2021
739,Austin ,50,30.3544356,-97.7602554,50.0,6.0,7.0,0.0,11-30-2021
741,Lianyungang,30,34.596544,119.221282,30.0,46.0,2.0,1.0,11-30-2021
742,Yancheng,42,33.347378,120.163561,42.0,42.0,2.0,1.0,11-30-2021
746,Qiongshan,85,20.030793,110.328859,85.0,28.0,22.0,2.0,11-30-2021
748,Wendeng,24,37.195254,122.062606,13.0,15.0,12.0,0.0,11-30-2021
749,Okayama,-,34.6551456,133.9195019,50.0,17.0,22.0,0.0,11-30-2021
757,Longkou,24,37.619444,120.319722,5.0,19.0,12.0,0.0,11-30-2021
759,Antalya,81,36.8877038453118,30.72677602063,81.0,23.0,27.0,0.0,11-30-2021
760,Kumamoto,28,32.8031004,130.7078911,13.0,10.0,6.0,1.0,11-30-2021
762,Mexicali,42,32.640027777778,-115.47463888889,34.0,19.0,6.0,0.0,11-30-2021
766,Nottingham,17,52.95473,-1.146447,17.0,7.0,23.0,0.0,11-30-2021
767,Haining,50,30.523822,120.678291,50.0,58.0,3.0,1.0,11-30-2021
774,Yangquan,70,37.856972,113.580519,70.0,30.0,6.0,0.0,11-30-2021
775,Chenzhou,93,25.77051,113.014718,93.0,46.0,6.0,1.0,11-30-2021
776,Haiyang,20,36.794167,121.150556,13.0,18.0,6.0,0.0,11-30-2021
777,Morelia,80,19.702153,-101.190948,80.0,17.0,5.0,2.0,11-30-2021
778,Huangshi ,55,30.199652,115.03852,55.0,28.0,4.0,1.0,11-30-2021
782,Qixia,57,37.306944,120.836944,57.0,19.0,14.0,0.0,11-30-2021
788,Changzhi,76,36.195386,113.116255,76.0,24.0,7.0,0.0,11-30-2021
789,Qujing,61,25.49001,103.796167,61.0,19.0,7.0,1.0,11-30-2021
794,Maoming,63,21.662999,110.925456,63.0,28.0,12.0,1.0,11-30-2021
798,Moradabad,257,28.8253591,78.7830383,257.0,63.0,13.0,1.0,11-30-2021
800,Sheffield,20,53.378622,-1.478096,10.0,5.0,27.0,0.0,11-30-2021
801,Donggang,87,22.4794,120.4417,87.0,22.0,4.0,2.0,11-30-2021
803,Acheng,122,45.5422,126.979,122.0,19.0,3.0,0.0,11-30-2021
807,Wroclaw,29,51.086225,17.012689,29.0,34.0,6.0,0.0,11-30-2021
808,Jieyang,68,23.549993,116.372831,68.0,19.0,6.0,2.0,11-30-2021
809,Shaoxing,97,29.995762,120.586109,97.0,31.0,1.0,1.0,11-30-2021
812,Qionglai,39,30.4175,103.438333,17.0,71.0,26.0,0.0,11-30-2021
813,Deyang,132,31.126856,104.398021,132.0,25.0,7.0,1.0,11-30-2021
814,Sagamihara,30,35.5714621,139.3731765,1.0,24.0,2.0,1.0,11-30-2021
815,Fuyang ,104,30.048735,119.960109,104.0,37.0,1.0,1.0,11-30-2021
816,Fuxin,24,42.021619,121.670324,21.0,10.0,10.0,0.0,11-30-2021
817,Jiyuan,68,35.067243,112.601919,68.0,10.0,12.0,1.0,11-30-2021
818,Puente Alto,67,-33.591390623022,-70.594788,34.0,19.0,10.0,0.0,11-30-2021
819,Qufu,68,35.58291899,116.9925683,68.0,28.0,7.0,1.0,11-30-2021
823,Xinji,50,37.943123,115.218021,50.0,42.0,1.0,1.0,11-30-2021
827,Bhiwandi,159,19.25292,73.142019,159.0,46.0,11.0,1.0,11-30-2021
835,Jeonju ,42,35.8242238,127.1479532,42.0,23.0,1.0,0.0,11-30-2021
837,Xichang,70,27.881611,102.267335,70.0,13.0,6.0,0.0,11-30-2021
838,Colombo,38,6.913047,79.84807,38.0,40.0,6.0,3.0,11-30-2021
842,Charlotte ,30,35.281791,-80.851473,30.0,9.0,9.0,0.0,11-30-2021
845,Weihai,50,37.513068,122.12042,50.0,22.0,9.0,0.0,11-30-2021
849,Shaoyang,132,27.238893,111.467791,132.0,45.0,7.0,1.0,11-30-2021
852,Lanxi,55,29.212485,119.466263,55.0,28.0,2.0,1.0,11-30-2021
853,Yuncheng,144,35.026412,111.007529,144.0,18.0,10.0,0.0,11-30-2021
854,Kagoshima,27,31.5965535,130.5571158,21.0,14.0,11.0,1.0,11-30-2021
858,Panjin,34,41.119997,122.070714,34.0,32.0,9.0,0.0,11-30-2021
860,Orumiyeh,111,37.55414,45.04709,99.0,8.0,9.0,1.0,11-30-2021
861,Binzhou,59,37.38199,117.970703,59.0,47.0,2.0,0.0,11-30-2021
863,Baoji,142,34.36198,107.237974,142.0,10.0,13.0,1.0,11-30-2021
865,El Paso ,74,31.7656976,-106.4552204,74.0,27.0,6.0,0.0,11-30-2021
871,Zhaoyuan,23,37.373611,120.398611,5.0,19.0,12.0,0.0,11-30-2021
872,Huizhou,68,23.111847,114.416196,68.0,19.0,15.0,2.0,11-30-2021
873,Tianchang,70,38.088,114.06,70.0,24.0,5.0,1.0,11-30-2021
874,Dortmund,33,51.523543,7.483562,33.0,9.0,15.0,0.0,11-30-2021
875,Shihezi,157,44.2967,86.0497,157.0,9.0,5.0,0.0,11-30-2021
876,Shiyan,76,32.629397,110.797991,76.0,25.0,11.0,0.0,11-30-2021
879,Cheongju,53,36.6424341,127.4890319,53.0,19.0,1.0,0.0,11-30-2021
880,Jingmen,122,31.035423,112.199265,122.0,19.0,13.0,1.0,11-30-2021
882,Anqing,119,30.543494,117.063755,119.0,46.0,6.0,1.0,11-30-2021
884,Stuttgart,21,48.783150000042,9.1807305558523,21.0,5.0,22.0,0.0,11-30-2021
886,Kingston,22,44.219722,-76.521111,21.0,1.0,13.0,0.0,11-30-2021
887,Milwaukee ,24,43.01724,-87.93369,24.0,3.0,13.0,0.0,11-30-2021
889,Glasgow,16,55.85917,-4.258889,10.0,10.0,17.0,0.0,11-30-2021
897,Funabashi,33,35.6947058,139.982618,21.0,29.0,2.0,1.0,11-30-2021
902,Zhangzhou,109,24.512949,117.647481,109.0,31.0,36.0,0.0,11-30-2021
903,Xianning,70,29.841443,114.322492,70.0,28.0,2.0,1.0,11-30-2021
904,Maanshan,31,31.670452,118.50676,30.0,72.0,2.0,1.0,11-30-2021
907,Poznan,18,52.398175,16.95951944,18.0,9.0,20.0,0.0,11-30-2021
908,Kayseri,112,38.717305,35.486887,112.0,26.0,25.0,0.0,11-30-2021
909,Chon Buri,91,13.35461667,100.9792167,91.0,44.0,13.0,2.0,11-30-2021
911,Shuozhou,72,39.331595,112.432825,72.0,1.0,11.0,1.0,11-30-2021
912,Samarinda,21,-0.4948232,117.1436154,21.0,24.0,3.0,4.0,11-30-2021
913,Helsinki,18,60.1733244,24.9410248,11.0,4.0,25.0,0.0,11-30-2021
914,Akesu,162,41.1636,80.2828,162.0,8.0,6.0,0.0,11-30-2021
915,Novokuznetsk,8,53.77754,87.13096,8.0,41.0,6.0,1.0,11-30-2021
918,Hachioji,33,35.6663394,139.3158056,1.0,24.0,2.0,1.0,11-30-2021
920,Beihai,87,21.481254,109.119927,87.0,46.0,22.0,2.0,11-30-2021
924,Yongkang,74,28.8911,120.0317,74.0,28.0,2.0,0.0,11-30-2021
925,Louisville ,27,38.288191,-85.741337,27.0,9.0,10.0,0.0,11-30-2021
926,Chizhou,107,30.6648,117.491568,107.0,46.0,3.0,1.0,11-30-2021
927,Huaiyin,70,33.61036,119.015288,70.0,56.0,1.0,1.0,11-30-2021
928,Fuan,34,35.724299,126.734415,34.0,28.0,1.0,0.0,11-30-2021
930,Dezhou,72,37.434093,116.357465,72.0,31.0,1.0,1.0,11-30-2021
933,Jiujiang,76,29.705078,116.00193,76.0,46.0,4.0,1.0,11-30-2021
934,Bristol,24,51.462839,-2.584482,21.0,7.0,24.0,0.0,11-30-2021
935,Botou,115,38.079,116.57,114.0,20.0,1.0,1.0,11-30-2021
937,Astana,137,51.125286,71.46722,137.0,1.0,10.0,0.0,11-30-2021
940,Nashville-Davidson ,35,36.1767,-86.7386,35.0,8.0,10.0,1.0,11-30-2021
946,Longyan,50,25.075123,117.017537,50.0,21.0,9.0,1.0,11-30-2021
947,Oslo,153,59.903095,10.758408,153.0,12.0,15.0,0.0,11-30-2021
950,Vilnius,3,54.7117424,25.2974345,53.0,17.0,13.0,0.0,11-30-2021
955,Songyuan,50,45.0878,124.8292,50.0,10.0,8.0,0.0,11-30-2021
956,Yangjiang,55,21.857958,111.982232,55.0,28.0,20.0,1.0,11-30-2021
958,Jiangmen,63,22.578738,113.081901,63.0,28.0,7.0,2.0,11-30-2021
959,Xingtai,72,37.070589,114.504844,72.0,46.0,1.0,1.0,11-30-2021
960,Shaoguan,78,24.810403,113.597522,78.0,45.0,9.0,1.0,11-30-2021
965,Jinzhong,65,37.687024,112.752695,65.0,10.0,4.0,1.0,11-30-2021
966,Portland ,19,45.496641,-122.602877,19.0,3.0,10.0,0.0,11-30-2021
970,Oklahoma City ,44,35.502968,-97.577674,34.0,6.0,9.0,1.0,11-30-2021
971,Nakhon Ratchasima,82,14.979537,102.098335,82.0,31.0,17.0,2.0,11-30-2021
972,N'Djamena,182,12.1348,15.0557,182.0,90.0,10.0,2.0,11-30-2021
975,Kerman,66,30.293697,57.08758,66.0,60.0,7.0,1.0,11-30-2021
977,Islamabad,180,33.7235,73.11822,180.0,54.0,5.0,1.0,11-30-2021
978,Sarajevo,155,43.848324,18.363396,155.0,15.0,20.0,0.0,11-30-2021
980,Dushanbe,42,38.55767,68.77592,42.0,34.0,11.0,0.0,11-30-2021
981,Vientiane,70,17.896122,102.64,70.0,28.0,14.0,2.0,11-30-2021
989,Yicheng,38,31.3542,119.8177,38.0,58.0,1.0,1.0,11-30-2021
990,Skoplje,55,41.99249998,21.42361109,55.0,18.0,18.0,0.0,11-30-2021
993,Dali,22,25.5811,100.2171,17.0,19.0,3.0,1.0,11-30-2021
995,Jinzhou ,78,41.09512,121.127004,78.0,17.0,9.0,0.0,11-30-2021
1000,Rasht,117,37.3165811,49.6065279,2.0,42.0,3.0,1.0,11-30-2021
